Setting,Scenario,Protocol,Seed,BottleneckMbps,BaseOwdMs,Flows,SinkPort,Goodput_Mbps,Util,Delay_ms,Jitter_ms,Loss_pct,Jain,Source
tcp_only,asymmetric_high,TcpBbr,42.0,1000.0,0.012,3,49153/5000,831.02,0.831,0.4733,0.0028,0.012,0.9991,comparison/asymmetric_high_TcpBbr_s42.flowmonitor
tcp_only,asymmetric_high,TcpBbr,43.0,1000.0,0.012,3,49153/5000,835.61,0.8356,0.4757,0.0052,0.0149,0.9955,comparison/asymmetric_high_TcpBbr_s43.flowmonitor
tcp_only,asymmetric_high,TcpBbr,44.0,1000.0,0.012,3,49153/5000,846.44,0.8464,0.4795,0.0023,0.0222,0.9946,comparison/asymmetric_high_TcpBbr_s44.flowmonitor
tcp_only,asymmetric_high,TcpCubic,42.0,1000.0,0.012,3,49153/5000,834.51,0.8345,0.4875,0.0044,0.0119,0.9957,comparison/asymmetric_high_TcpCubic_s42.flowmonitor
tcp_only,asymmetric_high,TcpCubic,43.0,1000.0,0.012,3,49153/5000,841.94,0.8419,0.5022,0.0046,0.0139,0.9992,comparison/asymmetric_high_TcpCubic_s43.flowmonitor
tcp_only,asymmetric_high,TcpCubic,44.0,1000.0,0.012,3,49153/5000,834.46,0.8345,0.4871,0.0056,0.0172,0.9985,comparison/asymmetric_high_TcpCubic_s44.flowmonitor
tcp_only,asymmetric_high,TcpNewReno,42.0,1000.0,0.012,3,49153/5000,808.07,0.8081,0.4331,0.0019,0.0131,0.9987,comparison/asymmetric_high_TcpNewReno_s42.flowmonitor
tcp_only,asymmetric_high,TcpNewReno,43.0,1000.0,0.012,3,49153/5000,822.76,0.8228,0.4657,0.0019,0.0127,0.9954,comparison/asymmetric_high_TcpNewReno_s43.flowmonitor
tcp_only,asymmetric_high,TcpNewReno,44.0,1000.0,0.012,3,49153/5000,849.73,0.8497,0.5117,0.0073,0.0199,0.9969,comparison/asymmetric_high_TcpNewReno_s44.flowmonitor
tcp_only,asymmetric_high,TcpSwift,42.0,1000.0,0.012,3,49153/5000,871.46,0.8715,0.4756,0.0027,0.0125,0.9999,comparison/asymmetric_high_TcpSwift_s42.flowmonitor
tcp_only,asymmetric_high,TcpSwift,43.0,1000.0,0.012,3,49153/5000,879.58,0.8796,0.4603,0.0047,0.0124,0.9987,comparison/asymmetric_high_TcpSwift_s43.flowmonitor
tcp_only,asymmetric_high,TcpSwift,44.0,1000.0,0.012,3,49153/5000,928.18,0.9282,0.4964,0.0057,0.0187,0.9967,comparison/asymmetric_high_TcpSwift_s44.flowmonitor
tcp_only,congested_heavy,TcpBbr,42.0,500.0,0.009,3,49153/5000,402.65,0.8053,0.8064,0.0043,0.0147,0.9995,comparison/congested_heavy_TcpBbr_s42.flowmonitor
tcp_only,congested_heavy,TcpBbr,43.0,500.0,0.009,3,49153/5000,425.74,0.8515,0.9832,0.0038,0.0206,0.997,comparison/congested_heavy_TcpBbr_s43.flowmonitor
tcp_only,congested_heavy,TcpBbr,44.0,500.0,0.009,3,49153/5000,427.82,0.8556,1.0019,0.0111,0.0243,0.9996,comparison/congested_heavy_TcpBbr_s44.flowmonitor
tcp_only,congested_heavy,TcpCubic,42.0,500.0,0.009,3,49153/5000,406.03,0.8121,0.8406,0.0057,0.0099,0.999,comparison/congested_heavy_TcpCubic_s42.flowmonitor
tcp_only,congested_heavy,TcpCubic,43.0,500.0,0.009,3,49153/5000,426.74,0.8535,0.9925,0.0061,0.024,0.9976,comparison/congested_heavy_TcpCubic_s43.flowmonitor
tcp_only,congested_heavy,TcpCubic,44.0,500.0,0.009,3,49153/5000,417.2,0.8344,0.9589,0.012,0.0199,0.9991,comparison/congested_heavy_TcpCubic_s44.flowmonitor
tcp_only,congested_heavy,TcpNewReno,42.0,500.0,0.009,3,49153/5000,400.15,0.8003,0.8601,0.0119,0.0136,0.9963,comparison/congested_heavy_TcpNewReno_s42.flowmonitor
tcp_only,congested_heavy,TcpNewReno,43.0,500.0,0.009,3,49153/5000,423.72,0.8474,1.036,0.0128,0.0162,0.9988,comparison/congested_heavy_TcpNewReno_s43.flowmonitor
tcp_only,congested_heavy,TcpNewReno,44.0,500.0,0.009,3,49153/5000,406.67,0.8133,0.9106,0.0022,0.0106,0.9971,comparison/congested_heavy_TcpNewReno_s44.flowmonitor
tcp_only,congested_heavy,TcpSwift,42.0,500.0,0.009,3,49153/5000,438.0,0.876,0.8283,0.006,0.013,0.9993,comparison/congested_heavy_TcpSwift_s42.flowmonitor
tcp_only,congested_heavy,TcpSwift,43.0,500.0,0.009,3,49153/5000,464.49,0.929,0.9886,0.0056,0.0209,0.998,comparison/congested_heavy_TcpSwift_s43.flowmonitor
tcp_only,congested_heavy,TcpSwift,44.0,500.0,0.009,3,49153/5000,450.27,0.9005,0.9719,0.0116,0.0218,0.9979,comparison/congested_heavy_TcpSwift_s44.flowmonitor
tcp_only,congested_light,TcpBbr,42.0,5000.0,0.009,3,49153/5000,4226.69,0.8453,0.0908,0.001,0.0155,0.999,comparison/congested_light_TcpBbr_s42.flowmonitor
tcp_only,congested_light,TcpBbr,43.0,5000.0,0.009,3,49153/5000,4338.28,0.8677,0.1022,0.0005,0.0201,0.9999,comparison/congested_light_TcpBbr_s43.flowmonitor
tcp_only,congested_light,TcpBbr,44.0,5000.0,0.009,3,49153/5000,4081.94,0.8164,0.0841,0.0007,0.0081,0.9999,comparison/congested_light_TcpBbr_s44.flowmonitor
tcp_only,congested_light,TcpCubic,42.0,5000.0,0.009,3,49153/5000,4374.84,0.875,0.1042,0.0013,0.0154,0.9998,comparison/congested_light_TcpCubic_s42.flowmonitor
tcp_only,congested_light,TcpCubic,43.0,5000.0,0.009,3,49153/5000,4374.05,0.8748,0.1058,0.001,0.0196,1.0,comparison/congested_light_TcpCubic_s43.flowmonitor
tcp_only,congested_light,TcpCubic,44.0,5000.0,0.009,3,49153/5000,4209.03,0.8418,0.0912,0.001,0.0125,0.9998,comparison/congested_light_TcpCubic_s44.flowmonitor
tcp_only,congested_light,TcpNewReno,42.0,5000.0,0.009,3,49153/5000,4213.73,0.8427,0.0923,0.0009,0.0159,1.0,comparison/congested_light_TcpNewReno_s42.flowmonitor
tcp_only,congested_light,TcpNewReno,43.0,5000.0,0.009,3,49153/5000,4296.42,0.8593,0.0987,0.0011,0.0166,0.9996,comparison/congested_light_TcpNewReno_s43.flowmonitor
tcp_only,congested_light,TcpNewReno,44.0,5000.0,0.009,3,49153/5000,4003.86,0.8008,0.0824,0.0005,0.0067,0.9999,comparison/congested_light_TcpNewReno_s44.flowmonitor
tcp_only,congested_light,TcpSwift,42.0,5000.0,0.009,3,49153/5000,4752.88,0.9506,0.0903,0.0009,0.0161,0.9994,comparison/congested_light_TcpSwift_s42.flowmonitor
tcp_only,congested_light,TcpSwift,43.0,5000.0,0.009,3,49153/5000,4470.7,0.8941,0.1033,0.0011,0.0171,0.9998,comparison/congested_light_TcpSwift_s43.flowmonitor
tcp_only,congested_light,TcpSwift,44.0,5000.0,0.009,3,49153/5000,4300.52,0.8601,0.0817,0.0007,0.0088,0.9996,comparison/congested_light_TcpSwift_s44.flowmonitor
tcp_only,congested_medium,TcpBbr,42.0,2000.0,0.009,3,49153/5000,1660.62,0.8303,0.2022,0.0018,0.0112,0.9999,comparison/congested_medium_TcpBbr_s42.flowmonitor
tcp_only,congested_medium,TcpBbr,43.0,2000.0,0.009,3,49153/5000,1756.56,0.8783,0.2473,0.0016,0.0235,0.9989,comparison/congested_medium_TcpBbr_s43.flowmonitor
tcp_only,congested_medium,TcpBbr,44.0,2000.0,0.009,3,49153/5000,1695.82,0.8479,0.221,0.0018,0.0118,0.9997,comparison/congested_medium_TcpBbr_s44.flowmonitor
tcp_only,congested_medium,TcpCubic,42.0,2000.0,0.009,3,49153/5000,1714.83,0.8574,0.2362,0.003,0.0186,0.9997,comparison/congested_medium_TcpCubic_s42.flowmonitor
tcp_only,congested_medium,TcpCubic,43.0,2000.0,0.009,3,49153/5000,1764.18,0.8821,0.2528,0.0008,0.0162,0.9998,comparison/congested_medium_TcpCubic_s43.flowmonitor
tcp_only,congested_medium,TcpCubic,44.0,2000.0,0.009,3,49153/5000,1676.5,0.8382,0.2165,0.0012,0.0118,0.9996,comparison/congested_medium_TcpCubic_s44.flowmonitor
tcp_only,congested_medium,TcpNewReno,42.0,2000.0,0.009,3,49153/5000,1613.05,0.8065,0.197,0.0026,0.0103,0.9977,comparison/congested_medium_TcpNewReno_s42.flowmonitor
tcp_only,congested_medium,TcpNewReno,43.0,2000.0,0.009,3,49153/5000,1753.66,0.8768,0.2555,0.0023,0.0218,0.9989,comparison/congested_medium_TcpNewReno_s43.flowmonitor
tcp_only,congested_medium,TcpNewReno,44.0,2000.0,0.009,3,49153/5000,1637.61,0.8188,0.2098,0.0008,0.0085,0.9999,comparison/congested_medium_TcpNewReno_s44.flowmonitor
tcp_only,congested_medium,TcpSwift,42.0,2000.0,0.009,3,49153/5000,1873.59,0.9368,0.2029,0.0024,0.0106,0.9995,comparison/congested_medium_TcpSwift_s42.flowmonitor
tcp_only,congested_medium,TcpSwift,43.0,2000.0,0.009,3,49153/5000,1901.49,0.9507,0.2474,0.0016,0.0213,0.9996,comparison/congested_medium_TcpSwift_s43.flowmonitor
tcp_only,congested_medium,TcpSwift,44.0,2000.0,0.009,3,49153/5000,1830.97,0.9155,0.2091,0.0011,0.0115,0.9994,comparison/congested_medium_TcpSwift_s44.flowmonitor
tcp_only,cross_dc_wan,TcpBbr,42.0,1000.0,5.02,3,49153/5000,854.03,0.854,5.5439,0.0292,0.0146,0.9993,comparison/cross_dc_wan_TcpBbr_s42.flowmonitor
tcp_only,cross_dc_wan,TcpBbr,43.0,1000.0,5.02,3,49153/5000,853.02,0.853,5.3116,0.0647,0.0229,0.9987,comparison/cross_dc_wan_TcpBbr_s43.flowmonitor
tcp_only,cross_dc_wan,TcpBbr,44.0,1000.0,5.02,3,49153/5000,811.33,0.8113,5.2856,0.0167,0.0128,0.9988,comparison/cross_dc_wan_TcpBbr_s44.flowmonitor
tcp_only,cross_dc_wan,TcpCubic,42.0,1000.0,5.02,3,49153/5000,866.39,0.8664,5.4532,0.0364,0.0246,0.9964,comparison/cross_dc_wan_TcpCubic_s42.flowmonitor
tcp_only,cross_dc_wan,TcpCubic,43.0,1000.0,5.02,3,49153/5000,833.5,0.8335,5.4406,0.0531,0.014,0.9972,comparison/cross_dc_wan_TcpCubic_s43.flowmonitor
tcp_only,cross_dc_wan,TcpCubic,44.0,1000.0,5.02,3,49153/5000,820.3,0.8203,5.5737,0.0644,0.0133,0.9959,comparison/cross_dc_wan_TcpCubic_s44.flowmonitor
tcp_only,cross_dc_wan,TcpNewReno,42.0,1000.0,5.02,3,49153/5000,841.14,0.8411,5.546,0.0746,0.0122,0.9997,comparison/cross_dc_wan_TcpNewReno_s42.flowmonitor
tcp_only,cross_dc_wan,TcpNewReno,43.0,1000.0,5.02,3,49153/5000,845.87,0.8459,5.7457,0.0579,0.0193,0.9952,comparison/cross_dc_wan_TcpNewReno_s43.flowmonitor
tcp_only,cross_dc_wan,TcpNewReno,44.0,1000.0,5.02,3,49153/5000,803.29,0.8033,5.5948,0.0264,0.0086,0.9969,comparison/cross_dc_wan_TcpNewReno_s44.flowmonitor
tcp_only,cross_dc_wan,TcpSwift,42.0,1000.0,5.02,3,49153/5000,885.5,0.8855,5.5979,0.0382,0.0137,0.9977,comparison/cross_dc_wan_TcpSwift_s42.flowmonitor
tcp_only,cross_dc_wan,TcpSwift,43.0,1000.0,5.02,3,49153/5000,890.13,0.8901,5.3707,0.0607,0.0195,0.9981,comparison/cross_dc_wan_TcpSwift_s43.flowmonitor
tcp_only,cross_dc_wan,TcpSwift,44.0,1000.0,5.02,3,49153/5000,871.61,0.8716,5.4702,0.0276,0.013,0.9991,comparison/cross_dc_wan_TcpSwift_s44.flowmonitor
tcp_only,cross_pod_10g,TcpBbr,42.0,10000.0,0.06,3,49153/5000,8218.85,0.8219,0.0971,0.001,0.0088,0.9996,comparison/cross_pod_10g_TcpBbr_s42.flowmonitor
tcp_only,cross_pod_10g,TcpBbr,43.0,10000.0,0.06,3,49153/5000,8615.33,0.8615,0.1063,0.0012,0.0201,0.9984,comparison/cross_pod_10g_TcpBbr_s43.flowmonitor
tcp_only,cross_pod_10g,TcpBbr,44.0,10000.0,0.06,3,49153/5000,8418.11,0.8418,0.0974,0.0005,0.0131,0.9997,comparison/cross_pod_10g_TcpBbr_s44.flowmonitor
tcp_only,cross_pod_10g,TcpCubic,42.0,10000.0,0.06,3,49153/5000,8590.58,0.8591,0.1032,0.0011,0.0163,1.0,comparison/cross_pod_10g_TcpCubic_s42.flowmonitor
tcp_only,cross_pod_10g,TcpCubic,43.0,10000.0,0.06,3,49153/5000,8699.65,0.87,0.1093,0.0004,0.0168,0.9994,comparison/cross_pod_10g_TcpCubic_s43.flowmonitor
tcp_only,cross_pod_10g,TcpCubic,44.0,10000.0,0.06,3,49153/5000,8533.38,0.8533,0.1047,0.0003,0.0115,1.0,comparison/cross_pod_10g_TcpCubic_s44.flowmonitor
tcp_only,cross_pod_10g,TcpNewReno,42.0,10000.0,0.06,3,49153/5000,8377.53,0.8378,0.1031,0.0002,0.0111,0.9977,comparison/cross_pod_10g_TcpNewReno_s42.flowmonitor
tcp_only,cross_pod_10g,TcpNewReno,43.0,10000.0,0.06,3,49153/5000,8574.64,0.8575,0.11,0.0005,0.0127,0.9998,comparison/cross_pod_10g_TcpNewReno_s43.flowmonitor
tcp_only,cross_pod_10g,TcpNewReno,44.0,10000.0,0.06,3,49153/5000,8098.9,0.8099,0.0997,0.0006,0.0065,0.9999,comparison/cross_pod_10g_TcpNewReno_s44.flowmonitor
tcp_only,cross_pod_10g,TcpSwift,42.0,10000.0,0.06,3,49153/5000,9416.11,0.9416,0.1044,0.0009,0.0104,0.9987,comparison/cross_pod_10g_TcpSwift_s42.flowmonitor
tcp_only,cross_pod_10g,TcpSwift,43.0,10000.0,0.06,3,49153/5000,9395.62,0.9396,0.1104,0.0005,0.0179,1.0,comparison/cross_pod_10g_TcpSwift_s43.flowmonitor
tcp_only,cross_pod_10g,TcpSwift,44.0,10000.0,0.06,3,49153/5000,9459.01,0.9459,0.0979,0.0005,0.0116,0.9994,comparison/cross_pod_10g_TcpSwift_s44.flowmonitor
tcp_only,cross_pod_20g,TcpBbr,42.0,20000.0,0.06,3,49153/5000,17173.72,0.8587,0.0791,0.0007,0.0178,0.9999,comparison/cross_pod_20g_TcpBbr_s42.flowmonitor
tcp_only,cross_pod_20g,TcpBbr,43.0,20000.0,0.06,3,49153/5000,17346.4,0.8673,0.0817,0.001,0.0212,1.0,comparison/cross_pod_20g_TcpBbr_s43.flowmonitor
tcp_only,cross_pod_20g,TcpBbr,44.0,20000.0,0.06,3,49153/5000,16944.32,0.8472,0.081,0.0005,0.0124,0.9966,comparison/cross_pod_20g_TcpBbr_s44.flowmonitor
tcp_only,cross_pod_20g,TcpCubic,42.0,20000.0,0.06,3,49153/5000,17085.94,0.8543,0.0824,0.0006,0.0188,0.9999,comparison/cross_pod_20g_TcpCubic_s42.flowmonitor
tcp_only,cross_pod_20g,TcpCubic,43.0,20000.0,0.06,3,49153/5000,17177.49,0.8589,0.0829,0.0004,0.018,0.9994,comparison/cross_pod_20g_TcpCubic_s43.flowmonitor
tcp_only,cross_pod_20g,TcpCubic,44.0,20000.0,0.06,3,49153/5000,17236.75,0.8618,0.0837,0.001,0.0174,0.9989,comparison/cross_pod_20g_TcpCubic_s44.flowmonitor
tcp_only,cross_pod_20g,TcpNewReno,42.0,20000.0,0.06,3,49153/5000,16745.2,0.8373,0.0835,0.0007,0.0104,0.9989,comparison/cross_pod_20g_TcpNewReno_s42.flowmonitor
tcp_only,cross_pod_20g,TcpNewReno,43.0,20000.0,0.06,3,49153/5000,16693.93,0.8347,0.0832,0.0006,0.0118,0.9996,comparison/cross_pod_20g_TcpNewReno_s43.flowmonitor
tcp_only,cross_pod_20g,TcpNewReno,44.0,20000.0,0.06,3,49153/5000,17005.68,0.8503,0.0858,0.0009,0.0119,0.9999,comparison/cross_pod_20g_TcpNewReno_s44.flowmonitor
tcp_only,cross_pod_20g,TcpSwift,42.0,20000.0,0.06,3,49153/5000,18631.77,0.9316,0.0828,0.0006,0.017,0.9989,comparison/cross_pod_20g_TcpSwift_s42.flowmonitor
tcp_only,cross_pod_20g,TcpSwift,43.0,20000.0,0.06,3,49153/5000,18184.73,0.9092,0.0824,0.0006,0.016,0.9997,comparison/cross_pod_20g_TcpSwift_s43.flowmonitor
tcp_only,cross_pod_20g,TcpSwift,44.0,20000.0,0.06,3,49153/5000,17870.21,0.8935,0.0817,0.0009,0.012,0.9999,comparison/cross_pod_20g_TcpSwift_s44.flowmonitor
tcp_only,dc_100g,TcpBbr,42.0,100000.0,0.004,3,49153/5000,86136.18,0.8614,0.0084,0.0001,0.0125,0.9988,comparison/dc_100g_TcpBbr_s42.flowmonitor
tcp_only,dc_100g,TcpBbr,43.0,100000.0,0.004,3,49153/5000,82017.81,0.8202,0.0075,0.0001,0.0094,0.9994,comparison/dc_100g_TcpBbr_s43.flowmonitor
tcp_only,dc_100g,TcpBbr,44.0,100000.0,0.004,3,49153/5000,84074.92,0.8407,0.0079,0.0,0.0137,0.9979,comparison/dc_100g_TcpBbr_s44.flowmonitor
tcp_only,dc_100g,TcpCubic,42.0,100000.0,0.004,3,49153/5000,85080.73,0.8508,0.0082,0.0,0.0147,0.9987,comparison/dc_100g_TcpCubic_s42.flowmonitor
tcp_only,dc_100g,TcpCubic,43.0,100000.0,0.004,3,49153/5000,83551.86,0.8355,0.0078,0.0001,0.0108,0.9997,comparison/dc_100g_TcpCubic_s43.flowmonitor
tcp_only,dc_100g,TcpCubic,44.0,100000.0,0.004,3,49153/5000,84023.1,0.8402,0.0082,0.0,0.0132,0.9978,comparison/dc_100g_TcpCubic_s44.flowmonitor
tcp_only,dc_100g,TcpNewReno,42.0,100000.0,0.004,3,49153/5000,83231.57,0.8323,0.008,0.0001,0.0142,0.9994,comparison/dc_100g_TcpNewReno_s42.flowmonitor
tcp_only,dc_100g,TcpNewReno,43.0,100000.0,0.004,3,49153/5000,83039.98,0.8304,0.0081,0.0,0.0099,0.9989,comparison/dc_100g_TcpNewReno_s43.flowmonitor
tcp_only,dc_100g,TcpNewReno,44.0,100000.0,0.004,3,49153/5000,83738.32,0.8374,0.0082,0.0001,0.0132,0.9996,comparison/dc_100g_TcpNewReno_s44.flowmonitor
tcp_only,dc_100g,TcpSwift,42.0,100000.0,0.004,3,49153/5000,90457.07,0.9046,0.0081,0.0,0.0108,0.9998,comparison/dc_100g_TcpSwift_s42.flowmonitor
tcp_only,dc_100g,TcpSwift,43.0,100000.0,0.004,3,49153/5000,89840.45,0.8984,0.0076,0.0001,0.0105,0.9999,comparison/dc_100g_TcpSwift_s43.flowmonitor
tcp_only,dc_100g,TcpSwift,44.0,100000.0,0.004,3,49153/5000,88169.64,0.8817,0.0082,0.0,0.0121,0.9993,comparison/dc_100g_TcpSwift_s44.flowmonitor
tcp_only,dc_100m,TcpBbr,42.0,100.0,0.009,3,49153/5000,86.93,0.8693,5.0193,0.0339,0.0259,0.9986,comparison/dc_100m_TcpBbr_s42.flowmonitor
tcp_only,dc_100m,TcpBbr,43.0,100.0,0.009,3,49153/5000,81.57,0.8157,3.864,0.0268,0.0131,0.9994,comparison/dc_100m_TcpBbr_s43.flowmonitor
tcp_only,dc_100m,TcpBbr,44.0,100.0,0.009,3,49153/5000,84.11,0.8411,4.4684,0.0584,0.0183,0.9995,comparison/dc_100m_TcpBbr_s44.flowmonitor
tcp_only,dc_100m,TcpCubic,42.0,100.0,0.009,3,49153/5000,85.6,0.856,4.72,0.0387,0.0145,0.9993,comparison/dc_100m_TcpCubic_s42.flowmonitor
tcp_only,dc_100m,TcpCubic,43.0,100.0,0.009,3,49153/5000,85.61,0.8561,4.6004,0.0178,0.0138,0.999,comparison/dc_100m_TcpCubic_s43.flowmonitor
tcp_only,dc_100m,TcpCubic,44.0,100.0,0.009,3,49153/5000,85.47,0.8547,4.7265,0.0253,0.0201,0.9998,comparison/dc_100m_TcpCubic_s44.flowmonitor
tcp_only,dc_100m,TcpNewReno,42.0,100.0,0.009,3,49153/5000,85.47,0.8547,4.7013,0.0196,0.0166,0.9994,comparison/dc_100m_TcpNewReno_s42.flowmonitor
tcp_only,dc_100m,TcpNewReno,43.0,100.0,0.009,3,49153/5000,83.05,0.8305,4.438,0.0526,0.0135,0.9988,comparison/dc_100m_TcpNewReno_s43.flowmonitor
tcp_only,dc_100m,TcpNewReno,44.0,100.0,0.009,3,49153/5000,80.45,0.8045,3.9016,0.0354,0.0118,0.9995,comparison/dc_100m_TcpNewReno_s44.flowmonitor
tcp_only,dc_100m,TcpSwift,42.0,100.0,0.009,3,49153/5000,91.87,0.9187,4.5855,0.0309,0.0148,0.9995,comparison/dc_100m_TcpSwift_s42.flowmonitor
tcp_only,dc_100m,TcpSwift,43.0,100.0,0.009,3,49153/5000,87.97,0.8797,4.465,0.0254,0.0135,0.9997,comparison/dc_100m_TcpSwift_s43.flowmonitor
tcp_only,dc_100m,TcpSwift,44.0,100.0,0.009,3,49153/5000,93.8,0.938,4.3103,0.034,0.0177,1.0,comparison/dc_100m_TcpSwift_s44.flowmonitor
tcp_only,dc_500m,TcpBbr,42.0,500.0,0.009,3,49153/5000,424.12,0.8482,0.8201,0.0103,0.0113,0.9979,comparison/dc_500m_TcpBbr_s42.flowmonitor
tcp_only,dc_500m,TcpBbr,43.0,500.0,0.009,3,49153/5000,413.61,0.8272,0.7634,0.0027,0.0126,0.9991,comparison/dc_500m_TcpBbr_s43.flowmonitor
tcp_only,dc_500m,TcpBbr,44.0,500.0,0.009,3,49153/5000,408.85,0.8177,0.7398,0.0076,0.0087,0.9995,comparison/dc_500m_TcpBbr_s44.flowmonitor
tcp_only,dc_500m,TcpCubic,42.0,500.0,0.009,3,49153/5000,430.71,0.8614,0.9251,0.0062,0.0166,0.999,comparison/dc_500m_TcpCubic_s42.flowmonitor
tcp_only,dc_500m,TcpCubic,43.0,500.0,0.009,3,49153/5000,413.16,0.8263,0.7941,0.008,0.0086,1.0,comparison/dc_500m_TcpCubic_s43.flowmonitor
tcp_only,dc_500m,TcpCubic,44.0,500.0,0.009,3,49153/5000,415.77,0.8315,0.8193,0.0098,0.0135,0.9998,comparison/dc_500m_TcpCubic_s44.flowmonitor
tcp_only,dc_500m,TcpNewReno,42.0,500.0,0.009,3,49153/5000,424.98,0.85,0.8868,0.0029,0.0155,0.9995,comparison/dc_500m_TcpNewReno_s42.flowmonitor
tcp_only,dc_500m,TcpNewReno,43.0,500.0,0.009,3,49153/5000,402.37,0.8047,0.7661,0.0094,0.0085,0.9993,comparison/dc_500m_TcpNewReno_s43.flowmonitor
tcp_only,dc_500m,TcpNewReno,44.0,500.0,0.009,3,49153/5000,413.33,0.8267,0.8096,0.0082,0.013,0.9997,comparison/dc_500m_TcpNewReno_s44.flowmonitor
tcp_only,dc_500m,TcpSwift,42.0,500.0,0.009,3,49153/5000,465.08,0.9302,0.9003,0.0057,0.0151,0.9995,comparison/dc_500m_TcpSwift_s42.flowmonitor
tcp_only,dc_500m,TcpSwift,43.0,500.0,0.009,3,49153/5000,441.34,0.8827,0.7371,0.0078,0.0098,0.9998,comparison/dc_500m_TcpSwift_s43.flowmonitor
tcp_only,dc_500m,TcpSwift,44.0,500.0,0.009,3,49153/5000,458.72,0.9174,0.8075,0.0084,0.0141,0.9999,comparison/dc_500m_TcpSwift_s44.flowmonitor
tcp_only,dc_oversub_10to1,TcpBbr,42.0,1000.0,0.009,3,49153/5000,878.46,0.8785,0.524,0.0053,0.0208,0.9992,comparison/dc_oversub_10to1_TcpBbr_s42.flowmonitor
tcp_only,dc_oversub_10to1,TcpBbr,43.0,1000.0,0.009,3,49153/5000,852.48,0.8525,0.4717,0.0045,0.0157,0.9985,comparison/dc_oversub_10to1_TcpBbr_s43.flowmonitor
tcp_only,dc_oversub_10to1,TcpBbr,44.0,1000.0,0.009,3,49153/5000,846.12,0.8461,0.4608,0.0014,0.0191,0.9962,comparison/dc_oversub_10to1_TcpBbr_s44.flowmonitor
tcp_only,dc_oversub_10to1,TcpCubic,42.0,1000.0,0.009,3,49153/5000,860.05,0.8601,0.4745,0.0023,0.0162,1.0,comparison/dc_oversub_10to1_TcpCubic_s42.flowmonitor
tcp_only,dc_oversub_10to1,TcpCubic,43.0,1000.0,0.009,3,49153/5000,861.65,0.8617,0.4866,0.0061,0.0148,0.9981,comparison/dc_oversub_10to1_TcpCubic_s43.flowmonitor
tcp_only,dc_oversub_10to1,TcpCubic,44.0,1000.0,0.009,3,49153/5000,867.11,0.8671,0.5076,0.0043,0.0235,0.9983,comparison/dc_oversub_10to1_TcpCubic_s44.flowmonitor
tcp_only,dc_oversub_10to1,TcpNewReno,42.0,1000.0,0.009,3,49153/5000,816.6,0.8166,0.4123,0.0013,0.0113,0.9987,comparison/dc_oversub_10to1_TcpNewReno_s42.flowmonitor
tcp_only,dc_oversub_10to1,TcpNewReno,43.0,1000.0,0.009,3,49153/5000,856.72,0.8567,0.4878,0.0027,0.0193,0.9933,comparison/dc_oversub_10to1_TcpNewReno_s43.flowmonitor
tcp_only,dc_oversub_10to1,TcpNewReno,44.0,1000.0,0.009,3,49153/5000,855.99,0.856,0.4866,0.0059,0.0139,0.9988,comparison/dc_oversub_10to1_TcpNewReno_s44.flowmonitor
tcp_only,dc_oversub_10to1,TcpSwift,42.0,1000.0,0.009,3,49153/5000,911.6,0.9116,0.4558,0.0022,0.0157,0.9998,comparison/dc_oversub_10to1_TcpSwift_s42.flowmonitor
tcp_only,dc_oversub_10to1,TcpSwift,43.0,1000.0,0.009,3,49153/5000,888.75,0.8888,0.4775,0.0048,0.0166,0.9997,comparison/dc_oversub_10to1_TcpSwift_s43.flowmonitor
tcp_only,dc_oversub_10to1,TcpSwift,44.0,1000.0,0.009,3,49153/5000,937.39,0.9374,0.4915,0.004,0.02,1.0,comparison/dc_oversub_10to1_TcpSwift_s44.flowmonitor
tcp_only,intra_rack_10g,TcpBbr,42.0,10000.0,0.004,3,49153/5000,8452.15,0.8452,0.0454,0.0003,0.014,0.9998,comparison/intra_rack_10g_TcpBbr_s42.flowmonitor
tcp_only,intra_rack_10g,TcpBbr,43.0,10000.0,0.004,3,49153/5000,8512.51,0.8513,0.0477,0.0001,0.0162,0.9991,comparison/intra_rack_10g_TcpBbr_s43.flowmonitor
tcp_only,intra_rack_10g,TcpBbr,44.0,10000.0,0.004,3,49153/5000,8514.33,0.8514,0.0474,0.0005,0.0119,0.9998,comparison/intra_rack_10g_TcpBbr_s44.flowmonitor
tcp_only,intra_rack_10g,TcpCubic,42.0,10000.0,0.004,3,49153/5000,8819.08,0.8819,0.0542,0.0005,0.021,0.9978,comparison/intra_rack_10g_TcpCubic_s42.flowmonitor
tcp_only,intra_rack_10g,TcpCubic,43.0,10000.0,0.004,3,49153/5000,8539.1,0.8539,0.0479,0.0006,0.0161,0.9998,comparison/intra_rack_10g_TcpCubic_s43.flowmonitor
tcp_only,intra_rack_10g,TcpCubic,44.0,10000.0,0.004,3,49153/5000,8266.16,0.8266,0.0419,0.0004,0.0132,0.9991,comparison/intra_rack_10g_TcpCubic_s44.flowmonitor
tcp_only,intra_rack_10g,TcpNewReno,42.0,10000.0,0.004,3,49153/5000,8513.32,0.8513,0.0477,0.0005,0.0186,0.9959,comparison/intra_rack_10g_TcpNewReno_s42.flowmonitor
tcp_only,intra_rack_10g,TcpNewReno,43.0,10000.0,0.004,3,49153/5000,8434.83,0.8435,0.0478,0.0004,0.0124,0.9985,comparison/intra_rack_10g_TcpNewReno_s43.flowmonitor
tcp_only,intra_rack_10g,TcpNewReno,44.0,10000.0,0.004,3,49153/5000,8321.79,0.8322,0.0444,0.0004,0.0107,0.9988,comparison/intra_rack_10g_TcpNewReno_s44.flowmonitor
tcp_only,intra_rack_10g,TcpSwift,42.0,10000.0,0.004,3,49153/5000,9506.61,0.9507,0.0469,0.0005,0.0161,0.9998,comparison/intra_rack_10g_TcpSwift_s42.flowmonitor
tcp_only,intra_rack_10g,TcpSwift,43.0,10000.0,0.004,3,49153/5000,8965.76,0.8966,0.0476,0.0004,0.0156,1.0,comparison/intra_rack_10g_TcpSwift_s43.flowmonitor
tcp_only,intra_rack_10g,TcpSwift,44.0,10000.0,0.004,3,49153/5000,8866.43,0.8866,0.0434,0.0005,0.0109,0.9997,comparison/intra_rack_10g_TcpSwift_s44.flowmonitor
tcp_only,intra_rack_25g,TcpBbr,42.0,25000.0,0.004,3,49153/5000,22048.75,0.882,0.023,0.0001,0.0164,0.9986,comparison/intra_rack_25g_TcpBbr_s42.flowmonitor
tcp_only,intra_rack_25g,TcpBbr,43.0,25000.0,0.004,3,49153/5000,21448.36,0.8579,0.0214,0.0001,0.0188,0.9997,comparison/intra_rack_25g_TcpBbr_s43.flowmonitor
tcp_only,intra_rack_25g,TcpBbr,44.0,25000.0,0.004,3,49153/5000,20418.05,0.8167,0.0191,0.0001,0.0078,0.9992,comparison/intra_rack_25g_TcpBbr_s44.flowmonitor
tcp_only,intra_rack_25g,TcpCubic,42.0,25000.0,0.004,3,49153/5000,22049.61,0.882,0.0235,0.0001,0.0236,0.9993,comparison/intra_rack_25g_TcpCubic_s42.flowmonitor
tcp_only,intra_rack_25g,TcpCubic,43.0,25000.0,0.004,3,49153/5000,21328.24,0.8531,0.021,0.0002,0.0166,0.9994,comparison/intra_rack_25g_TcpCubic_s43.flowmonitor
tcp_only,intra_rack_25g,TcpCubic,44.0,25000.0,0.004,3,49153/5000,20292.28,0.8117,0.0185,0.0001,0.0086,0.9999,comparison/intra_rack_25g_TcpCubic_s44.flowmonitor
tcp_only,intra_rack_25g,TcpNewReno,42.0,25000.0,0.004,3,49153/5000,21870.24,0.8748,0.0239,0.0003,0.0218,0.9986,comparison/intra_rack_25g_TcpNewReno_s42.flowmonitor
tcp_only,intra_rack_25g,TcpNewReno,43.0,25000.0,0.004,3,49153/5000,20709.84,0.8284,0.0207,0.0001,0.0133,0.9997,comparison/intra_rack_25g_TcpNewReno_s43.flowmonitor
tcp_only,intra_rack_25g,TcpNewReno,44.0,25000.0,0.004,3,49153/5000,19974.08,0.799,0.0182,0.0002,0.0052,0.9999,comparison/intra_rack_25g_TcpNewReno_s44.flowmonitor
tcp_only,intra_rack_25g,TcpSwift,42.0,25000.0,0.004,3,49153/5000,22831.58,0.9133,0.0228,0.0001,0.019,0.9999,comparison/intra_rack_25g_TcpSwift_s42.flowmonitor
tcp_only,intra_rack_25g,TcpSwift,43.0,25000.0,0.004,3,49153/5000,22238.95,0.8896,0.0207,0.0001,0.0168,0.9997,comparison/intra_rack_25g_TcpSwift_s43.flowmonitor
tcp_only,intra_rack_25g,TcpSwift,44.0,25000.0,0.004,3,49153/5000,21501.53,0.8601,0.0185,0.0001,0.0069,1.0,comparison/intra_rack_25g_TcpSwift_s44.flowmonitor
tcp_only,leaf_spine_20g,TcpBbr,42.0,20000.0,0.009,3,49153/5000,17522.09,0.8761,0.0332,0.0003,0.0228,0.9983,comparison/leaf_spine_20g_TcpBbr_s42.flowmonitor
tcp_only,leaf_spine_20g,TcpBbr,43.0,20000.0,0.009,3,49153/5000,16877.94,0.8439,0.0302,0.0004,0.0155,0.9985,comparison/leaf_spine_20g_TcpBbr_s43.flowmonitor
tcp_only,leaf_spine_20g,TcpBbr,44.0,20000.0,0.009,3,49153/5000,17474.19,0.8737,0.0313,0.0003,0.0218,0.9995,comparison/leaf_spine_20g_TcpBbr_s44.flowmonitor
tcp_only,leaf_spine_20g,TcpCubic,42.0,20000.0,0.009,3,49153/5000,17640.88,0.882,0.0335,0.0004,0.017,0.9999,comparison/leaf_spine_20g_TcpCubic_s42.flowmonitor
tcp_only,leaf_spine_20g,TcpCubic,43.0,20000.0,0.009,3,49153/5000,17093.04,0.8547,0.0306,0.0003,0.0159,0.9998,comparison/leaf_spine_20g_TcpCubic_s43.flowmonitor
tcp_only,leaf_spine_20g,TcpCubic,44.0,20000.0,0.009,3,49153/5000,17480.34,0.874,0.0319,0.0001,0.0251,0.9996,comparison/leaf_spine_20g_TcpCubic_s44.flowmonitor
tcp_only,leaf_spine_20g,TcpNewReno,42.0,20000.0,0.009,3,49153/5000,17314.85,0.8657,0.0339,0.0004,0.0139,0.9959,comparison/leaf_spine_20g_TcpNewReno_s42.flowmonitor
tcp_only,leaf_spine_20g,TcpNewReno,43.0,20000.0,0.009,3,49153/5000,16360.47,0.818,0.0296,0.0002,0.0111,0.9989,comparison/leaf_spine_20g_TcpNewReno_s43.flowmonitor
tcp_only,leaf_spine_20g,TcpNewReno,44.0,20000.0,0.009,3,49153/5000,17453.42,0.8727,0.0331,0.0002,0.0224,0.9994,comparison/leaf_spine_20g_TcpNewReno_s44.flowmonitor
tcp_only,leaf_spine_20g,TcpSwift,42.0,20000.0,0.009,3,49153/5000,18805.3,0.9403,0.0325,0.0004,0.0136,0.9982,comparison/leaf_spine_20g_TcpSwift_s42.flowmonitor
tcp_only,leaf_spine_20g,TcpSwift,43.0,20000.0,0.009,3,49153/5000,18879.84,0.944,0.0303,0.0003,0.0175,0.9998,comparison/leaf_spine_20g_TcpSwift_s43.flowmonitor
tcp_only,leaf_spine_20g,TcpSwift,44.0,20000.0,0.009,3,49153/5000,19013.25,0.9507,0.0321,0.0002,0.0212,0.9995,comparison/leaf_spine_20g_TcpSwift_s44.flowmonitor
tcp_only,leaf_spine_50g,TcpBbr,42.0,50000.0,0.009,3,49153/5000,43106.39,0.8621,0.0176,0.0002,0.0206,0.9996,comparison/leaf_spine_50g_TcpBbr_s42.flowmonitor
tcp_only,leaf_spine_50g,TcpBbr,43.0,50000.0,0.009,3,49153/5000,41812.22,0.8362,0.0171,0.0001,0.011,0.9993,comparison/leaf_spine_50g_TcpBbr_s43.flowmonitor
tcp_only,leaf_spine_50g,TcpBbr,44.0,50000.0,0.009,3,49153/5000,44104.31,0.8821,0.0182,0.0001,0.0224,0.9976,comparison/leaf_spine_50g_TcpBbr_s44.flowmonitor
tcp_only,leaf_spine_50g,TcpCubic,42.0,50000.0,0.009,3,49153/5000,44104.52,0.8821,0.0187,0.0002,0.023,0.9998,comparison/leaf_spine_50g_TcpCubic_s42.flowmonitor
tcp_only,leaf_spine_50g,TcpCubic,43.0,50000.0,0.009,3,49153/5000,42776.71,0.8555,0.0174,0.0002,0.0186,0.9998,comparison/leaf_spine_50g_TcpCubic_s43.flowmonitor
tcp_only,leaf_spine_50g,TcpCubic,44.0,50000.0,0.009,3,49153/5000,44100.79,0.882,0.0186,0.0001,0.02,0.9995,comparison/leaf_spine_50g_TcpCubic_s44.flowmonitor
tcp_only,leaf_spine_50g,TcpNewReno,42.0,50000.0,0.009,3,49153/5000,42702.03,0.854,0.0185,0.0001,0.0192,0.9999,comparison/leaf_spine_50g_TcpNewReno_s42.flowmonitor
tcp_only,leaf_spine_50g,TcpNewReno,43.0,50000.0,0.009,3,49153/5000,41701.73,0.834,0.0179,0.0002,0.01,0.9988,comparison/leaf_spine_50g_TcpNewReno_s43.flowmonitor
tcp_only,leaf_spine_50g,TcpNewReno,44.0,50000.0,0.009,3,49153/5000,43192.13,0.8638,0.0187,0.0002,0.0216,0.9998,comparison/leaf_spine_50g_TcpNewReno_s44.flowmonitor
tcp_only,leaf_spine_50g,TcpSwift,42.0,50000.0,0.009,3,49153/5000,45820.73,0.9164,0.0181,0.0002,0.0218,0.9984,comparison/leaf_spine_50g_TcpSwift_s42.flowmonitor
tcp_only,leaf_spine_50g,TcpSwift,43.0,50000.0,0.009,3,49153/5000,44944.29,0.8989,0.0176,0.0002,0.0111,0.9999,comparison/leaf_spine_50g_TcpSwift_s43.flowmonitor
tcp_only,leaf_spine_50g,TcpSwift,44.0,50000.0,0.009,3,49153/5000,46497.09,0.9299,0.019,0.0001,0.0186,0.9994,comparison/leaf_spine_50g_TcpSwift_s44.flowmonitor
tcp_only,lte_good,TcpBbr,42.0,50.0,30.0,3,49153/5000,42.43,0.8486,38.6129,0.1794,0.0195,0.9922,comparison/lte_good_TcpBbr_s42.flowmonitor
tcp_only,lte_good,TcpBbr,43.0,50.0,30.0,3,49153/5000,42.16,0.8432,39.672,0.1776,0.0197,0.997,comparison/lte_good_TcpBbr_s43.flowmonitor
tcp_only,lte_good,TcpBbr,44.0,50.0,30.0,3,49153/5000,42.41,0.8481,39.8184,0.1005,0.0209,0.9993,comparison/lte_good_TcpBbr_s44.flowmonitor
tcp_only,lte_good,TcpCubic,42.0,50.0,30.0,3,49153/5000,41.8,0.836,39.4739,0.2819,0.0241,0.9994,comparison/lte_good_TcpCubic_s42.flowmonitor
tcp_only,lte_good,TcpCubic,43.0,50.0,30.0,3,49153/5000,42.49,0.8498,39.6556,0.1642,0.0237,0.9983,comparison/lte_good_TcpCubic_s43.flowmonitor
tcp_only,lte_good,TcpCubic,44.0,50.0,30.0,3,49153/5000,42.43,0.8486,39.8648,0.5625,0.0251,0.9997,comparison/lte_good_TcpCubic_s44.flowmonitor
tcp_only,lte_good,TcpNewReno,42.0,50.0,30.0,3,49153/5000,41.46,0.8292,41.1533,0.3827,0.02,0.9999,comparison/lte_good_TcpNewReno_s42.flowmonitor
tcp_only,lte_good,TcpNewReno,43.0,50.0,30.0,3,49153/5000,41.49,0.8299,41.9372,0.1963,0.0171,0.9962,comparison/lte_good_TcpNewReno_s43.flowmonitor
tcp_only,lte_good,TcpNewReno,44.0,50.0,30.0,3,49153/5000,41.48,0.8296,41.1521,0.2501,0.0128,0.9985,comparison/lte_good_TcpNewReno_s44.flowmonitor
tcp_only,lte_good,TcpSwift,42.0,50.0,30.0,3,49153/5000,43.77,0.8753,39.5351,0.2908,0.0189,0.9976,comparison/lte_good_TcpSwift_s42.flowmonitor
tcp_only,lte_good,TcpSwift,43.0,50.0,30.0,3,49153/5000,45.12,0.9023,40.3166,0.1838,0.0171,0.9983,comparison/lte_good_TcpSwift_s43.flowmonitor
tcp_only,lte_good,TcpSwift,44.0,50.0,30.0,3,49153/5000,45.68,0.9136,40.0686,0.2355,0.0181,0.9993,comparison/lte_good_TcpSwift_s44.flowmonitor
tcp_only,lte_poor,TcpBbr,42.0,10.0,70.0,3,49153/5000,7.56,0.7556,107.5609,0.2992,0.0157,0.9979,comparison/lte_poor_TcpBbr_s42.flowmonitor
tcp_only,lte_poor,TcpBbr,43.0,10.0,70.0,3,49153/5000,8.19,0.8186,116.9566,1.6308,0.0217,0.9936,comparison/lte_poor_TcpBbr_s43.flowmonitor
tcp_only,lte_poor,TcpBbr,44.0,10.0,70.0,3,49153/5000,7.8,0.7803,109.6165,0.3387,0.0076,0.9921,comparison/lte_poor_TcpBbr_s44.flowmonitor
tcp_only,lte_poor,TcpCubic,42.0,10.0,70.0,3,49153/5000,7.84,0.7839,108.1027,0.492,0.0,0.998,comparison/lte_poor_TcpCubic_s42.flowmonitor
tcp_only,lte_poor,TcpCubic,43.0,10.0,70.0,3,49153/5000,8.06,0.8055,113.8974,0.801,0.022,0.9979,comparison/lte_poor_TcpCubic_s43.flowmonitor
tcp_only,lte_poor,TcpCubic,44.0,10.0,70.0,3,49153/5000,8.22,0.8223,119.9305,1.4085,0.0216,0.9986,comparison/lte_poor_TcpCubic_s44.flowmonitor
tcp_only,lte_poor,TcpNewReno,42.0,10.0,70.0,3,49153/5000,7.43,0.7433,110.8617,0.3503,0.0,0.9999,comparison/lte_poor_TcpNewReno_s42.flowmonitor
tcp_only,lte_poor,TcpNewReno,43.0,10.0,70.0,3,49153/5000,7.98,0.7983,118.2846,0.9031,0.0148,0.9857,comparison/lte_poor_TcpNewReno_s43.flowmonitor
tcp_only,lte_poor,TcpNewReno,44.0,10.0,70.0,3,49153/5000,7.79,0.7795,116.7711,0.983,0.0228,0.9978,comparison/lte_poor_TcpNewReno_s44.flowmonitor
tcp_only,lte_poor,TcpSwift,42.0,10.0,70.0,3,49153/5000,8.68,0.8682,107.7288,0.3403,0.0,0.9964,comparison/lte_poor_TcpSwift_s42.flowmonitor
tcp_only,lte_poor,TcpSwift,43.0,10.0,70.0,3,49153/5000,8.37,0.8374,115.8974,0.9101,0.0212,0.9994,comparison/lte_poor_TcpSwift_s43.flowmonitor
tcp_only,lte_poor,TcpSwift,44.0,10.0,70.0,3,49153/5000,8.63,0.8631,115.4597,0.8854,0.0206,0.9975,comparison/lte_poor_TcpSwift_s44.flowmonitor
tcp_only,mixed_large_flow,TcpBbr,42.0,12500.0,0.014,3,49153/5000,10631.45,0.8505,0.0483,0.0002,0.0124,0.9999,comparison/mixed_large_flow_TcpBbr_s42.flowmonitor
tcp_only,mixed_large_flow,TcpBbr,43.0,12500.0,0.014,3,49153/5000,10706.5,0.8565,0.0485,0.0004,0.0166,0.9998,comparison/mixed_large_flow_TcpBbr_s43.flowmonitor
tcp_only,mixed_large_flow,TcpBbr,44.0,12500.0,0.014,3,49153/5000,10583.16,0.8467,0.0471,0.0003,0.0141,1.0,comparison/mixed_large_flow_TcpBbr_s44.flowmonitor
tcp_only,mixed_large_flow,TcpCubic,42.0,12500.0,0.014,3,49153/5000,10690.8,0.8553,0.0483,0.0006,0.0199,0.9965,comparison/mixed_large_flow_TcpCubic_s42.flowmonitor
tcp_only,mixed_large_flow,TcpCubic,43.0,12500.0,0.014,3,49153/5000,10740.92,0.8593,0.0513,0.0005,0.0196,0.9975,comparison/mixed_large_flow_TcpCubic_s43.flowmonitor
tcp_only,mixed_large_flow,TcpCubic,44.0,12500.0,0.014,3,49153/5000,10548.49,0.8439,0.0467,0.0002,0.013,0.9995,comparison/mixed_large_flow_TcpCubic_s44.flowmonitor
tcp_only,mixed_large_flow,TcpNewReno,42.0,12500.0,0.014,3,49153/5000,10370.64,0.8297,0.0465,0.0002,0.0127,0.9988,comparison/mixed_large_flow_TcpNewReno_s42.flowmonitor
tcp_only,mixed_large_flow,TcpNewReno,43.0,12500.0,0.014,3,49153/5000,10329.92,0.8264,0.0465,0.0005,0.0092,0.9995,comparison/mixed_large_flow_TcpNewReno_s43.flowmonitor
tcp_only,mixed_large_flow,TcpNewReno,44.0,12500.0,0.014,3,49153/5000,9981.27,0.7985,0.043,0.0004,0.0073,0.9979,comparison/mixed_large_flow_TcpNewReno_s44.flowmonitor
tcp_only,mixed_large_flow,TcpSwift,42.0,12500.0,0.014,3,49153/5000,11525.19,0.922,0.0481,0.0002,0.0123,0.9993,comparison/mixed_large_flow_TcpSwift_s42.flowmonitor
tcp_only,mixed_large_flow,TcpSwift,43.0,12500.0,0.014,3,49153/5000,11767.67,0.9414,0.0476,0.0005,0.0161,0.9996,comparison/mixed_large_flow_TcpSwift_s43.flowmonitor
tcp_only,mixed_large_flow,TcpSwift,44.0,12500.0,0.014,3,49153/5000,11284.92,0.9028,0.0461,0.0003,0.0124,1.0,comparison/mixed_large_flow_TcpSwift_s44.flowmonitor
tcp_only,mixed_small_flow,TcpBbr,42.0,2000.0,0.014,3,49153/5000,1671.04,0.8355,0.219,0.0019,0.0158,0.9997,comparison/mixed_small_flow_TcpBbr_s42.flowmonitor
tcp_only,mixed_small_flow,TcpBbr,43.0,2000.0,0.014,3,49153/5000,1634.78,0.8174,0.2028,0.0018,0.01,0.9997,comparison/mixed_small_flow_TcpBbr_s43.flowmonitor
tcp_only,mixed_small_flow,TcpBbr,44.0,2000.0,0.014,3,49153/5000,1719.62,0.8598,0.2447,0.0012,0.0156,1.0,comparison/mixed_small_flow_TcpBbr_s44.flowmonitor
tcp_only,mixed_small_flow,TcpCubic,42.0,2000.0,0.014,3,49153/5000,1726.93,0.8635,0.2408,0.0031,0.0189,0.9996,comparison/mixed_small_flow_TcpCubic_s42.flowmonitor
tcp_only,mixed_small_flow,TcpCubic,43.0,2000.0,0.014,3,49153/5000,1704.48,0.8522,0.2326,0.0018,0.0152,0.9997,comparison/mixed_small_flow_TcpCubic_s43.flowmonitor
tcp_only,mixed_small_flow,TcpCubic,44.0,2000.0,0.014,3,49153/5000,1726.14,0.8631,0.2471,0.0016,0.0152,0.9992,comparison/mixed_small_flow_TcpCubic_s44.flowmonitor
tcp_only,mixed_small_flow,TcpNewReno,42.0,2000.0,0.014,3,49153/5000,1658.93,0.8295,0.224,0.0028,0.0097,0.9991,comparison/mixed_small_flow_TcpNewReno_s42.flowmonitor
tcp_only,mixed_small_flow,TcpNewReno,43.0,2000.0,0.014,3,49153/5000,1626.81,0.8134,0.2109,0.0014,0.0086,0.9987,comparison/mixed_small_flow_TcpNewReno_s43.flowmonitor
tcp_only,mixed_small_flow,TcpNewReno,44.0,2000.0,0.014,3,49153/5000,1667.46,0.8337,0.2272,0.0005,0.0127,1.0,comparison/mixed_small_flow_TcpNewReno_s44.flowmonitor
tcp_only,mixed_small_flow,TcpSwift,42.0,2000.0,0.014,3,49153/5000,1768.76,0.8844,0.2155,0.0028,0.0166,0.9991,comparison/mixed_small_flow_TcpSwift_s42.flowmonitor
tcp_only,mixed_small_flow,TcpSwift,43.0,2000.0,0.014,3,49153/5000,1782.23,0.8911,0.206,0.0016,0.0102,0.9992,comparison/mixed_small_flow_TcpSwift_s43.flowmonitor
tcp_only,mixed_small_flow,TcpSwift,44.0,2000.0,0.014,3,49153/5000,1878.62,0.9393,0.2489,0.0012,0.016,0.9987,comparison/mixed_small_flow_TcpSwift_s44.flowmonitor
tcp_only,nr_5g_edge,TcpBbr,42.0,100.0,14.0,3,49153/5000,83.53,0.8353,18.6774,0.0919,0.0234,0.9998,comparison/nr_5g_edge_TcpBbr_s42.flowmonitor
tcp_only,nr_5g_edge,TcpBbr,43.0,100.0,14.0,3,49153/5000,78.88,0.7888,17.706,0.2212,0.0113,0.9983,comparison/nr_5g_edge_TcpBbr_s43.flowmonitor
tcp_only,nr_5g_edge,TcpBbr,44.0,100.0,14.0,3,49153/5000,78.62,0.7862,18.1978,0.1254,0.009,0.998,comparison/nr_5g_edge_TcpBbr_s44.flowmonitor
tcp_only,nr_5g_edge,TcpCubic,42.0,100.0,14.0,3,49153/5000,83.61,0.8361,19.2308,0.2701,0.0142,0.9942,comparison/nr_5g_edge_TcpCubic_s42.flowmonitor
tcp_only,nr_5g_edge,TcpCubic,43.0,100.0,14.0,3,49153/5000,81.31,0.8131,18.3515,0.082,0.0124,0.9994,comparison/nr_5g_edge_TcpCubic_s43.flowmonitor
tcp_only,nr_5g_edge,TcpCubic,44.0,100.0,14.0,3,49153/5000,81.02,0.8102,18.863,0.2177,0.0117,0.996,comparison/nr_5g_edge_TcpCubic_s44.flowmonitor
tcp_only,nr_5g_edge,TcpNewReno,42.0,100.0,14.0,3,49153/5000,79.0,0.79,18.3669,0.2763,0.0135,0.9863,comparison/nr_5g_edge_TcpNewReno_s42.flowmonitor
tcp_only,nr_5g_edge,TcpNewReno,43.0,100.0,14.0,3,49153/5000,77.98,0.7798,19.0207,0.0862,0.0152,0.9986,comparison/nr_5g_edge_TcpNewReno_s43.flowmonitor
tcp_only,nr_5g_edge,TcpNewReno,44.0,100.0,14.0,3,49153/5000,79.98,0.7998,18.9015,0.2825,0.0141,0.9912,comparison/nr_5g_edge_TcpNewReno_s44.flowmonitor
tcp_only,nr_5g_edge,TcpSwift,42.0,100.0,14.0,3,49153/5000,88.86,0.8886,18.1621,0.2683,0.0133,0.9997,comparison/nr_5g_edge_TcpSwift_s42.flowmonitor
tcp_only,nr_5g_edge,TcpSwift,43.0,100.0,14.0,3,49153/5000,84.54,0.8454,18.1193,0.0848,0.0119,0.9997,comparison/nr_5g_edge_TcpSwift_s43.flowmonitor
tcp_only,nr_5g_edge,TcpSwift,44.0,100.0,14.0,3,49153/5000,84.51,0.8451,19.1936,0.2044,0.0112,0.9998,comparison/nr_5g_edge_TcpSwift_s44.flowmonitor
tcp_only,nr_5g_embb,TcpBbr,42.0,500.0,7.0,3,49153/5000,395.4,0.7908,7.5522,0.041,0.0082,0.9977,comparison/nr_5g_embb_TcpBbr_s42.flowmonitor
tcp_only,nr_5g_embb,TcpBbr,43.0,500.0,7.0,3,49153/5000,403.08,0.8062,7.7416,0.0881,0.014,0.996,comparison/nr_5g_embb_TcpBbr_s43.flowmonitor
tcp_only,nr_5g_embb,TcpBbr,44.0,500.0,7.0,3,49153/5000,399.76,0.7995,7.7627,0.0906,0.0105,0.9994,comparison/nr_5g_embb_TcpBbr_s44.flowmonitor
tcp_only,nr_5g_embb,TcpCubic,42.0,500.0,7.0,3,49153/5000,406.1,0.8122,7.7765,0.0398,0.0121,0.9975,comparison/nr_5g_embb_TcpCubic_s42.flowmonitor
tcp_only,nr_5g_embb,TcpCubic,43.0,500.0,7.0,3,49153/5000,414.34,0.8287,8.1432,0.0701,0.0129,0.995,comparison/nr_5g_embb_TcpCubic_s43.flowmonitor
tcp_only,nr_5g_embb,TcpCubic,44.0,500.0,7.0,3,49153/5000,404.29,0.8086,7.9554,0.0506,0.0149,0.9994,comparison/nr_5g_embb_TcpCubic_s44.flowmonitor
tcp_only,nr_5g_embb,TcpNewReno,42.0,500.0,7.0,3,49153/5000,402.91,0.8058,7.9649,0.0443,0.0104,0.995,comparison/nr_5g_embb_TcpNewReno_s42.flowmonitor
tcp_only,nr_5g_embb,TcpNewReno,43.0,500.0,7.0,3,49153/5000,400.96,0.8019,8.0731,0.0914,0.0105,0.9963,comparison/nr_5g_embb_TcpNewReno_s43.flowmonitor
tcp_only,nr_5g_embb,TcpNewReno,44.0,500.0,7.0,3,49153/5000,392.3,0.7846,8.1377,0.0352,0.0097,0.9859,comparison/nr_5g_embb_TcpNewReno_s44.flowmonitor
tcp_only,nr_5g_embb,TcpSwift,42.0,500.0,7.0,3,49153/5000,434.71,0.8694,7.7163,0.0373,0.0117,0.9986,comparison/nr_5g_embb_TcpSwift_s42.flowmonitor
tcp_only,nr_5g_embb,TcpSwift,43.0,500.0,7.0,3,49153/5000,432.61,0.8652,7.8416,0.0803,0.0141,0.998,comparison/nr_5g_embb_TcpSwift_s43.flowmonitor
tcp_only,nr_5g_embb,TcpSwift,44.0,500.0,7.0,3,49153/5000,414.28,0.8286,7.9218,0.0463,0.0119,0.9999,comparison/nr_5g_embb_TcpSwift_s44.flowmonitor
tcp_only,oversub_2to1_25g,TcpBbr,42.0,12500.0,0.009,3,49153/5000,10422.0,0.8338,0.0396,0.0002,0.0113,0.9983,comparison/oversub_2to1_25g_TcpBbr_s42.flowmonitor
tcp_only,oversub_2to1_25g,TcpBbr,43.0,12500.0,0.009,3,49153/5000,11024.5,0.882,0.0479,0.0003,0.0199,0.9979,comparison/oversub_2to1_25g_TcpBbr_s43.flowmonitor
tcp_only,oversub_2to1_25g,TcpBbr,44.0,12500.0,0.009,3,49153/5000,10732.41,0.8586,0.0443,0.0003,0.0173,0.9986,comparison/oversub_2to1_25g_TcpBbr_s44.flowmonitor
tcp_only,oversub_2to1_25g,TcpCubic,42.0,12500.0,0.009,3,49153/5000,10333.36,0.8267,0.0395,0.0003,0.012,0.9999,comparison/oversub_2to1_25g_TcpCubic_s42.flowmonitor
tcp_only,oversub_2to1_25g,TcpCubic,43.0,12500.0,0.009,3,49153/5000,11025.16,0.882,0.0482,0.0004,0.0196,0.9996,comparison/oversub_2to1_25g_TcpCubic_s43.flowmonitor
tcp_only,oversub_2to1_25g,TcpCubic,44.0,12500.0,0.009,3,49153/5000,10988.55,0.8791,0.0461,0.0003,0.0193,0.999,comparison/oversub_2to1_25g_TcpCubic_s44.flowmonitor
tcp_only,oversub_2to1_25g,TcpNewReno,42.0,12500.0,0.009,3,49153/5000,10350.53,0.828,0.0408,0.0001,0.0108,0.999,comparison/oversub_2to1_25g_TcpNewReno_s42.flowmonitor
tcp_only,oversub_2to1_25g,TcpNewReno,43.0,12500.0,0.009,3,49153/5000,10911.41,0.8729,0.048,0.0004,0.0227,0.9975,comparison/oversub_2to1_25g_TcpNewReno_s43.flowmonitor
tcp_only,oversub_2to1_25g,TcpNewReno,44.0,12500.0,0.009,3,49153/5000,10492.17,0.8394,0.0435,0.0004,0.0124,0.999,comparison/oversub_2to1_25g_TcpNewReno_s44.flowmonitor
tcp_only,oversub_2to1_25g,TcpSwift,42.0,12500.0,0.009,3,49153/5000,11227.08,0.8982,0.0403,0.0002,0.0095,0.9999,comparison/oversub_2to1_25g_TcpSwift_s42.flowmonitor
tcp_only,oversub_2to1_25g,TcpSwift,43.0,12500.0,0.009,3,49153/5000,11427.6,0.9142,0.0488,0.0004,0.0177,0.9999,comparison/oversub_2to1_25g_TcpSwift_s43.flowmonitor
tcp_only,oversub_2to1_25g,TcpSwift,44.0,12500.0,0.009,3,49153/5000,11331.09,0.9065,0.0451,0.0003,0.0174,0.9987,comparison/oversub_2to1_25g_TcpSwift_s44.flowmonitor
tcp_only,oversub_2to1_50g,TcpBbr,42.0,25000.0,0.009,3,49153/5000,21052.59,0.8421,0.0246,0.0001,0.0128,1.0,comparison/oversub_2to1_50g_TcpBbr_s42.flowmonitor
tcp_only,oversub_2to1_50g,TcpBbr,43.0,25000.0,0.009,3,49153/5000,21964.14,0.8786,0.0275,0.0001,0.0213,0.9999,comparison/oversub_2to1_50g_TcpBbr_s43.flowmonitor
tcp_only,oversub_2to1_50g,TcpBbr,44.0,25000.0,0.009,3,49153/5000,21661.95,0.8665,0.0263,0.0002,0.016,0.9986,comparison/oversub_2to1_50g_TcpBbr_s44.flowmonitor
tcp_only,oversub_2to1_50g,TcpCubic,42.0,25000.0,0.009,3,49153/5000,21909.63,0.8764,0.0277,0.0002,0.0215,0.9992,comparison/oversub_2to1_50g_TcpCubic_s42.flowmonitor
tcp_only,oversub_2to1_50g,TcpCubic,43.0,25000.0,0.009,3,49153/5000,22050.03,0.882,0.0283,0.0003,0.0242,0.9995,comparison/oversub_2to1_50g_TcpCubic_s43.flowmonitor
tcp_only,oversub_2to1_50g,TcpCubic,44.0,25000.0,0.009,3,49153/5000,21267.38,0.8507,0.0264,0.0003,0.0151,0.9959,comparison/oversub_2to1_50g_TcpCubic_s44.flowmonitor
tcp_only,oversub_2to1_50g,TcpNewReno,42.0,25000.0,0.009,3,49153/5000,20417.49,0.8167,0.0248,0.0003,0.0078,0.9999,comparison/oversub_2to1_50g_TcpNewReno_s42.flowmonitor
tcp_only,oversub_2to1_50g,TcpNewReno,43.0,25000.0,0.009,3,49153/5000,21332.18,0.8533,0.0275,0.0001,0.0163,0.9997,comparison/oversub_2to1_50g_TcpNewReno_s43.flowmonitor
tcp_only,oversub_2to1_50g,TcpNewReno,44.0,25000.0,0.009,3,49153/5000,21087.35,0.8435,0.0269,0.0001,0.0107,0.9992,comparison/oversub_2to1_50g_TcpNewReno_s44.flowmonitor
tcp_only,oversub_2to1_50g,TcpSwift,42.0,25000.0,0.009,3,49153/5000,22900.91,0.916,0.0251,0.0002,0.0118,1.0,comparison/oversub_2to1_50g_TcpSwift_s42.flowmonitor
tcp_only,oversub_2to1_50g,TcpSwift,43.0,25000.0,0.009,3,49153/5000,23766.84,0.9507,0.0271,0.0001,0.0189,1.0,comparison/oversub_2to1_50g_TcpSwift_s43.flowmonitor
tcp_only,oversub_2to1_50g,TcpSwift,44.0,25000.0,0.009,3,49153/5000,22456.86,0.8983,0.0258,0.0002,0.0126,0.9999,comparison/oversub_2to1_50g_TcpSwift_s44.flowmonitor
tcp_only,oversub_4to1_10g,TcpBbr,42.0,2500.0,0.009,3,49153/5000,2112.34,0.8449,0.1819,0.0005,0.0147,0.9988,comparison/oversub_4to1_10g_TcpBbr_s42.flowmonitor
tcp_only,oversub_4to1_10g,TcpBbr,43.0,2500.0,0.009,3,49153/5000,2086.31,0.8345,0.1709,0.0005,0.015,0.9997,comparison/oversub_4to1_10g_TcpBbr_s43.flowmonitor
tcp_only,oversub_4to1_10g,TcpBbr,44.0,2500.0,0.009,3,49153/5000,2152.83,0.8611,0.1849,0.0012,0.0205,0.9998,comparison/oversub_4to1_10g_TcpBbr_s44.flowmonitor
tcp_only,oversub_4to1_10g,TcpCubic,42.0,2500.0,0.009,3,49153/5000,2058.91,0.8236,0.1639,0.0006,0.0104,0.9995,comparison/oversub_4to1_10g_TcpCubic_s42.flowmonitor
tcp_only,oversub_4to1_10g,TcpCubic,43.0,2500.0,0.009,3,49153/5000,2138.95,0.8556,0.1855,0.0022,0.0167,0.9998,comparison/oversub_4to1_10g_TcpCubic_s43.flowmonitor
tcp_only,oversub_4to1_10g,TcpCubic,44.0,2500.0,0.009,3,49153/5000,2145.43,0.8582,0.1893,0.0022,0.0167,1.0,comparison/oversub_4to1_10g_TcpCubic_s44.flowmonitor
tcp_only,oversub_4to1_10g,TcpNewReno,42.0,2500.0,0.009,3,49153/5000,2062.7,0.8251,0.1693,0.0011,0.0101,0.9997,comparison/oversub_4to1_10g_TcpNewReno_s42.flowmonitor
tcp_only,oversub_4to1_10g,TcpNewReno,43.0,2500.0,0.009,3,49153/5000,2065.03,0.826,0.1675,0.0007,0.0082,0.9989,comparison/oversub_4to1_10g_TcpNewReno_s43.flowmonitor
tcp_only,oversub_4to1_10g,TcpNewReno,44.0,2500.0,0.009,3,49153/5000,2067.32,0.8269,0.1706,0.0006,0.0095,0.9993,comparison/oversub_4to1_10g_TcpNewReno_s44.flowmonitor
tcp_only,oversub_4to1_10g,TcpSwift,42.0,2500.0,0.009,3,49153/5000,2207.46,0.883,0.1647,0.0006,0.0094,0.9998,comparison/oversub_4to1_10g_TcpSwift_s42.flowmonitor
tcp_only,oversub_4to1_10g,TcpSwift,43.0,2500.0,0.009,3,49153/5000,2254.06,0.9016,0.1703,0.0007,0.0138,1.0,comparison/oversub_4to1_10g_TcpSwift_s43.flowmonitor
tcp_only,oversub_4to1_10g,TcpSwift,44.0,2500.0,0.009,3,49153/5000,2376.51,0.9506,0.1825,0.0012,0.015,0.9997,comparison/oversub_4to1_10g_TcpSwift_s44.flowmonitor
tcp_only,oversub_4to1_40g,TcpBbr,42.0,10000.0,0.009,3,49153/5000,8779.19,0.8779,0.0559,0.0003,0.017,0.9996,comparison/oversub_4to1_40g_TcpBbr_s42.flowmonitor
tcp_only,oversub_4to1_40g,TcpBbr,43.0,10000.0,0.009,3,49153/5000,8623.53,0.8624,0.0545,0.0005,0.0162,0.9999,comparison/oversub_4to1_40g_TcpBbr_s43.flowmonitor
tcp_only,oversub_4to1_40g,TcpBbr,44.0,10000.0,0.009,3,49153/5000,7841.52,0.7842,0.0414,0.0001,0.0063,0.9989,comparison/oversub_4to1_40g_TcpBbr_s44.flowmonitor
tcp_only,oversub_4to1_40g,TcpCubic,42.0,10000.0,0.009,3,49153/5000,8819.71,0.882,0.0583,0.0004,0.0252,0.9992,comparison/oversub_4to1_40g_TcpCubic_s42.flowmonitor
tcp_only,oversub_4to1_40g,TcpCubic,43.0,10000.0,0.009,3,49153/5000,8525.66,0.8526,0.0515,0.0006,0.0166,0.9992,comparison/oversub_4to1_40g_TcpCubic_s43.flowmonitor
tcp_only,oversub_4to1_40g,TcpCubic,44.0,10000.0,0.009,3,49153/5000,8027.69,0.8028,0.0436,0.0001,0.0082,0.9988,comparison/oversub_4to1_40g_TcpCubic_s44.flowmonitor
tcp_only,oversub_4to1_40g,TcpNewReno,42.0,10000.0,0.009,3,49153/5000,8556.7,0.8557,0.0548,0.0001,0.0127,0.9991,comparison/oversub_4to1_40g_TcpNewReno_s42.flowmonitor
tcp_only,oversub_4to1_40g,TcpNewReno,43.0,10000.0,0.009,3,49153/5000,8317.23,0.8317,0.0507,0.0003,0.0123,0.9995,comparison/oversub_4to1_40g_TcpNewReno_s43.flowmonitor
tcp_only,oversub_4to1_40g,TcpNewReno,44.0,10000.0,0.009,3,49153/5000,7585.11,0.7585,0.0397,0.0001,0.0033,0.9996,comparison/oversub_4to1_40g_TcpNewReno_s44.flowmonitor
tcp_only,oversub_4to1_40g,TcpSwift,42.0,10000.0,0.009,3,49153/5000,9059.53,0.906,0.057,0.0003,0.0165,1.0,comparison/oversub_4to1_40g_TcpSwift_s42.flowmonitor
tcp_only,oversub_4to1_40g,TcpSwift,43.0,10000.0,0.009,3,49153/5000,9362.52,0.9363,0.0502,0.0006,0.0139,0.9999,comparison/oversub_4to1_40g_TcpSwift_s43.flowmonitor
tcp_only,oversub_4to1_40g,TcpSwift,44.0,10000.0,0.009,3,49153/5000,8531.0,0.8531,0.0399,0.0001,0.0057,0.9996,comparison/oversub_4to1_40g_TcpSwift_s44.flowmonitor
tcp_only,rdma_like_25g,TcpBbr,42.0,25000.0,0.002,3,49153/5000,21514.03,0.8606,0.0191,0.0001,0.0152,0.999,comparison/rdma_like_25g_TcpBbr_s42.flowmonitor
tcp_only,rdma_like_25g,TcpBbr,43.0,25000.0,0.002,3,49153/5000,21608.09,0.8643,0.0196,0.0,0.015,1.0,comparison/rdma_like_25g_TcpBbr_s43.flowmonitor
tcp_only,rdma_like_25g,TcpBbr,44.0,25000.0,0.002,3,49153/5000,21937.25,0.8775,0.0203,0.0001,0.0153,0.9983,comparison/rdma_like_25g_TcpBbr_s44.flowmonitor
tcp_only,rdma_like_25g,TcpCubic,42.0,25000.0,0.002,3,49153/5000,21383.29,0.8553,0.0188,0.0002,0.0168,0.999,comparison/rdma_like_25g_TcpCubic_s42.flowmonitor
tcp_only,rdma_like_25g,TcpCubic,43.0,25000.0,0.002,3,49153/5000,21590.68,0.8636,0.0193,0.0001,0.0146,0.9991,comparison/rdma_like_25g_TcpCubic_s43.flowmonitor
tcp_only,rdma_like_25g,TcpCubic,44.0,25000.0,0.002,3,49153/5000,22054.63,0.8822,0.0213,0.0002,0.0239,0.9976,comparison/rdma_like_25g_TcpCubic_s44.flowmonitor
tcp_only,rdma_like_25g,TcpNewReno,42.0,25000.0,0.002,3,49153/5000,21026.03,0.841,0.0189,0.0001,0.01,0.9988,comparison/rdma_like_25g_TcpNewReno_s42.flowmonitor
tcp_only,rdma_like_25g,TcpNewReno,43.0,25000.0,0.002,3,49153/5000,20461.61,0.8185,0.0173,0.0001,0.0095,0.9983,comparison/rdma_like_25g_TcpNewReno_s43.flowmonitor
tcp_only,rdma_like_25g,TcpNewReno,44.0,25000.0,0.002,3,49153/5000,21572.79,0.8629,0.0203,0.0002,0.015,0.9996,comparison/rdma_like_25g_TcpNewReno_s44.flowmonitor
tcp_only,rdma_like_25g,TcpSwift,42.0,25000.0,0.002,3,49153/5000,22216.99,0.8887,0.0182,0.0001,0.0149,0.9988,comparison/rdma_like_25g_TcpSwift_s42.flowmonitor
tcp_only,rdma_like_25g,TcpSwift,43.0,25000.0,0.002,3,49153/5000,23099.28,0.924,0.019,0.0001,0.0141,0.9997,comparison/rdma_like_25g_TcpSwift_s43.flowmonitor
tcp_only,rdma_like_25g,TcpSwift,44.0,25000.0,0.002,3,49153/5000,22567.99,0.9027,0.0201,0.0002,0.0152,0.9999,comparison/rdma_like_25g_TcpSwift_s44.flowmonitor
tcp_only,rdma_like_50g,TcpBbr,42.0,50000.0,0.002,3,49153/5000,43611.75,0.8722,0.0111,0.0001,0.0217,0.9999,comparison/rdma_like_50g_TcpBbr_s42.flowmonitor
tcp_only,rdma_like_50g,TcpBbr,43.0,50000.0,0.002,3,49153/5000,44106.17,0.8821,0.0112,0.0,0.0181,0.9992,comparison/rdma_like_50g_TcpBbr_s43.flowmonitor
tcp_only,rdma_like_50g,TcpBbr,44.0,50000.0,0.002,3,49153/5000,41348.63,0.827,0.0096,0.0001,0.0105,0.9998,comparison/rdma_like_50g_TcpBbr_s44.flowmonitor
tcp_only,rdma_like_50g,TcpCubic,42.0,50000.0,0.002,3,49153/5000,44108.37,0.8822,0.0119,0.0,0.0234,0.9989,comparison/rdma_like_50g_TcpCubic_s42.flowmonitor
tcp_only,rdma_like_50g,TcpCubic,43.0,50000.0,0.002,3,49153/5000,44104.27,0.8821,0.0114,0.0001,0.0172,1.0,comparison/rdma_like_50g_TcpCubic_s43.flowmonitor
tcp_only,rdma_like_50g,TcpCubic,44.0,50000.0,0.002,3,49153/5000,42754.85,0.8551,0.0106,0.0001,0.014,0.9994,comparison/rdma_like_50g_TcpCubic_s44.flowmonitor
tcp_only,rdma_like_50g,TcpNewReno,42.0,50000.0,0.002,3,49153/5000,43075.54,0.8615,0.0112,0.0,0.0218,0.9998,comparison/rdma_like_50g_TcpNewReno_s42.flowmonitor
tcp_only,rdma_like_50g,TcpNewReno,43.0,50000.0,0.002,3,49153/5000,43298.07,0.866,0.0114,0.0,0.0176,0.9984,comparison/rdma_like_50g_TcpNewReno_s43.flowmonitor
tcp_only,rdma_like_50g,TcpNewReno,44.0,50000.0,0.002,3,49153/5000,40999.21,0.82,0.0096,0.0001,0.0077,0.9978,comparison/rdma_like_50g_TcpNewReno_s44.flowmonitor
tcp_only,rdma_like_50g,TcpSwift,42.0,50000.0,0.002,3,49153/5000,46599.49,0.932,0.0109,0.0,0.02,0.9995,comparison/rdma_like_50g_TcpSwift_s42.flowmonitor
tcp_only,rdma_like_50g,TcpSwift,43.0,50000.0,0.002,3,49153/5000,47531.19,0.9506,0.0115,0.0,0.0138,0.9998,comparison/rdma_like_50g_TcpSwift_s43.flowmonitor
tcp_only,rdma_like_50g,TcpSwift,44.0,50000.0,0.002,3,49153/5000,44222.68,0.8845,0.0096,0.0001,0.011,0.9999,comparison/rdma_like_50g_TcpSwift_s44.flowmonitor
tcp_only,satellite_geo,TcpBbr,42.0,10.0,320.0,3,49153/5000,7.82,0.7822,367.4936,2.8737,0.0151,0.9993,comparison/satellite_geo_TcpBbr_s42.flowmonitor
tcp_only,satellite_geo,TcpBbr,43.0,10.0,320.0,3,49153/5000,7.6,0.76,357.1906,4.1373,0.0234,0.9943,comparison/satellite_geo_TcpBbr_s43.flowmonitor
tcp_only,satellite_geo,TcpBbr,44.0,10.0,320.0,3,49153/5000,8.03,0.8028,370.1993,2.7004,0.0221,0.9993,comparison/satellite_geo_TcpBbr_s44.flowmonitor
tcp_only,satellite_geo,TcpCubic,42.0,10.0,320.0,3,49153/5000,7.89,0.7887,371.3515,5.2579,0.0225,0.995,comparison/satellite_geo_TcpCubic_s42.flowmonitor
tcp_only,satellite_geo,TcpCubic,43.0,10.0,320.0,3,49153/5000,7.77,0.7774,356.5157,4.4067,0.0228,0.9963,comparison/satellite_geo_TcpCubic_s43.flowmonitor
tcp_only,satellite_geo,TcpCubic,44.0,10.0,320.0,3,49153/5000,8.23,0.8232,361.4348,4.1217,0.0216,0.9967,comparison/satellite_geo_TcpCubic_s44.flowmonitor
tcp_only,satellite_geo,TcpNewReno,42.0,10.0,320.0,3,49153/5000,7.78,0.7779,375.0911,5.1855,0.0152,0.9998,comparison/satellite_geo_TcpNewReno_s42.flowmonitor
tcp_only,satellite_geo,TcpNewReno,43.0,10.0,320.0,3,49153/5000,7.46,0.7456,379.639,1.7128,0.0238,0.9959,comparison/satellite_geo_TcpNewReno_s43.flowmonitor
tcp_only,satellite_geo,TcpNewReno,44.0,10.0,320.0,3,49153/5000,7.8,0.7801,372.5941,5.2537,0.0152,0.9923,comparison/satellite_geo_TcpNewReno_s44.flowmonitor
tcp_only,satellite_geo,TcpSwift,42.0,10.0,320.0,3,49153/5000,8.42,0.8421,364.875,5.3929,0.0211,0.9992,comparison/satellite_geo_TcpSwift_s42.flowmonitor
tcp_only,satellite_geo,TcpSwift,43.0,10.0,320.0,3,49153/5000,8.32,0.8321,345.1189,3.9735,0.0213,0.9983,comparison/satellite_geo_TcpSwift_s43.flowmonitor
tcp_only,satellite_geo,TcpSwift,44.0,10.0,320.0,3,49153/5000,8.61,0.861,356.5666,4.3068,0.0206,0.9992,comparison/satellite_geo_TcpSwift_s44.flowmonitor
tcp_only,satellite_leo,TcpBbr,42.0,150.0,29.0,3,49153/5000,127.47,0.8498,32.6505,0.3999,0.0237,0.9943,comparison/satellite_leo_TcpBbr_s42.flowmonitor
tcp_only,satellite_leo,TcpBbr,43.0,150.0,29.0,3,49153/5000,123.92,0.8262,31.5796,0.4532,0.0148,0.9992,comparison/satellite_leo_TcpBbr_s43.flowmonitor
tcp_only,satellite_leo,TcpBbr,44.0,150.0,29.0,3,49153/5000,119.12,0.7941,31.9769,0.4812,0.0159,0.9972,comparison/satellite_leo_TcpBbr_s44.flowmonitor
tcp_only,satellite_leo,TcpCubic,42.0,150.0,29.0,3,49153/5000,128.05,0.8536,32.7351,0.3025,0.0273,0.9975,comparison/satellite_leo_TcpCubic_s42.flowmonitor
tcp_only,satellite_leo,TcpCubic,43.0,150.0,29.0,3,49153/5000,127.56,0.8504,33.2553,0.2505,0.0195,0.9983,comparison/satellite_leo_TcpCubic_s43.flowmonitor
tcp_only,satellite_leo,TcpCubic,44.0,150.0,29.0,3,49153/5000,120.85,0.8056,31.4857,0.2924,0.0137,0.9893,comparison/satellite_leo_TcpCubic_s44.flowmonitor
tcp_only,satellite_leo,TcpNewReno,42.0,150.0,29.0,3,49153/5000,125.27,0.8351,33.1347,0.1547,0.017,0.9881,comparison/satellite_leo_TcpNewReno_s42.flowmonitor
tcp_only,satellite_leo,TcpNewReno,43.0,150.0,29.0,3,49153/5000,123.96,0.8264,33.8307,0.19,0.0153,0.9937,comparison/satellite_leo_TcpNewReno_s43.flowmonitor
tcp_only,satellite_leo,TcpNewReno,44.0,150.0,29.0,3,49153/5000,117.81,0.7854,32.3721,0.1746,0.0095,0.9989,comparison/satellite_leo_TcpNewReno_s44.flowmonitor
tcp_only,satellite_leo,TcpSwift,42.0,150.0,29.0,3,49153/5000,138.99,0.9266,32.6453,0.2867,0.0226,0.9997,comparison/satellite_leo_TcpSwift_s42.flowmonitor
tcp_only,satellite_leo,TcpSwift,43.0,150.0,29.0,3,49153/5000,136.5,0.91,33.784,0.2597,0.0139,0.9992,comparison/satellite_leo_TcpSwift_s43.flowmonitor
tcp_only,satellite_leo,TcpSwift,44.0,150.0,29.0,3,49153/5000,130.43,0.8695,30.8717,0.2665,0.0123,0.9994,comparison/satellite_leo_TcpSwift_s44.flowmonitor
tcp_only,symmetric_low,TcpBbr,42.0,1000.0,0.03,3,49153/5000,854.46,0.8545,0.4669,0.0013,0.0175,0.9992,comparison/symmetric_low_TcpBbr_s42.flowmonitor
tcp_only,symmetric_low,TcpBbr,43.0,1000.0,0.03,3,49153/5000,857.3,0.8573,0.4729,0.0044,0.0156,0.999,comparison/symmetric_low_TcpBbr_s43.flowmonitor
tcp_only,symmetric_low,TcpBbr,44.0,1000.0,0.03,3,49153/5000,832.18,0.8322,0.4227,0.0011,0.0103,0.9998,comparison/symmetric_low_TcpBbr_s44.flowmonitor
tcp_only,symmetric_low,TcpCubic,42.0,1000.0,0.03,3,49153/5000,855.73,0.8557,0.47,0.0045,0.012,1.0,comparison/symmetric_low_TcpCubic_s42.flowmonitor
tcp_only,symmetric_low,TcpCubic,43.0,1000.0,0.03,3,49153/5000,834.03,0.834,0.4192,0.0046,0.0101,0.9996,comparison/symmetric_low_TcpCubic_s43.flowmonitor
tcp_only,symmetric_low,TcpCubic,44.0,1000.0,0.03,3,49153/5000,836.04,0.836,0.4401,0.0021,0.0117,0.9996,comparison/symmetric_low_TcpCubic_s44.flowmonitor
tcp_only,symmetric_low,TcpNewReno,42.0,1000.0,0.03,3,49153/5000,842.38,0.8424,0.4488,0.0021,0.0129,1.0,comparison/symmetric_low_TcpNewReno_s42.flowmonitor
tcp_only,symmetric_low,TcpNewReno,43.0,1000.0,0.03,3,49153/5000,839.32,0.8393,0.4554,0.0046,0.0109,0.9988,comparison/symmetric_low_TcpNewReno_s43.flowmonitor
tcp_only,symmetric_low,TcpNewReno,44.0,1000.0,0.03,3,49153/5000,804.58,0.8046,0.3961,0.0016,0.0092,0.9998,comparison/symmetric_low_TcpNewReno_s44.flowmonitor
tcp_only,symmetric_low,TcpSwift,42.0,1000.0,0.03,3,49153/5000,905.07,0.9051,0.4662,0.002,0.0116,0.9999,comparison/symmetric_low_TcpSwift_s42.flowmonitor
tcp_only,symmetric_low,TcpSwift,43.0,1000.0,0.03,3,49153/5000,950.53,0.9505,0.4477,0.0045,0.0109,0.9987,comparison/symmetric_low_TcpSwift_s43.flowmonitor
tcp_only,symmetric_low,TcpSwift,44.0,1000.0,0.03,3,49153/5000,924.08,0.9241,0.412,0.0017,0.009,1.0,comparison/symmetric_low_TcpSwift_s44.flowmonitor
tcp_only,wan_longhaul,TcpBbr,42.0,1000.0,26.0,3,49153/5000,860.22,0.8602,26.1321,0.0973,0.0242,0.997,comparison/wan_longhaul_TcpBbr_s42.flowmonitor
tcp_only,wan_longhaul,TcpBbr,43.0,1000.0,26.0,3,49153/5000,840.29,0.8403,26.8645,0.0947,0.0234,0.9994,comparison/wan_longhaul_TcpBbr_s43.flowmonitor
tcp_only,wan_longhaul,TcpBbr,44.0,1000.0,26.0,3,49153/5000,801.04,0.801,26.7308,0.3859,0.0087,0.9918,comparison/wan_longhaul_TcpBbr_s44.flowmonitor
tcp_only,wan_longhaul,TcpCubic,42.0,1000.0,26.0,3,49153/5000,859.84,0.8598,26.8625,0.1186,0.0191,0.9995,comparison/wan_longhaul_TcpCubic_s42.flowmonitor
tcp_only,wan_longhaul,TcpCubic,43.0,1000.0,26.0,3,49153/5000,822.95,0.823,26.1859,0.2983,0.013,0.9994,comparison/wan_longhaul_TcpCubic_s43.flowmonitor
tcp_only,wan_longhaul,TcpCubic,44.0,1000.0,26.0,3,49153/5000,793.02,0.793,26.3199,0.2681,0.0125,0.9992,comparison/wan_longhaul_TcpCubic_s44.flowmonitor
tcp_only,wan_longhaul,TcpNewReno,42.0,1000.0,26.0,3,49153/5000,831.95,0.8319,27.742,0.1213,0.0154,0.9947,comparison/wan_longhaul_TcpNewReno_s42.flowmonitor
tcp_only,wan_longhaul,TcpNewReno,43.0,1000.0,26.0,3,49153/5000,805.08,0.8051,27.5993,0.1118,0.015,0.9968,comparison/wan_longhaul_TcpNewReno_s43.flowmonitor
tcp_only,wan_longhaul,TcpNewReno,44.0,1000.0,26.0,3,49153/5000,757.56,0.7576,27.6089,0.0697,0.0094,0.9943,comparison/wan_longhaul_TcpNewReno_s44.flowmonitor
tcp_only,wan_longhaul,TcpSwift,42.0,1000.0,26.0,3,49153/5000,912.6,0.9126,27.3317,0.1106,0.018,0.9956,comparison/wan_longhaul_TcpSwift_s42.flowmonitor
tcp_only,wan_longhaul,TcpSwift,43.0,1000.0,26.0,3,49153/5000,920.71,0.9207,26.3244,0.1026,0.0147,0.9996,comparison/wan_longhaul_TcpSwift_s43.flowmonitor
tcp_only,wan_longhaul,TcpSwift,44.0,1000.0,26.0,3,49153/5000,866.11,0.8661,26.1859,0.2511,0.0083,0.9995,comparison/wan_longhaul_TcpSwift_s44.flowmonitor
tcp_only,wan_metro,TcpBbr,42.0,1000.0,2.2,3,49153/5000,821.24,0.8212,2.5674,0.0145,0.0131,0.9978,comparison/wan_metro_TcpBbr_s42.flowmonitor
tcp_only,wan_metro,TcpBbr,43.0,1000.0,2.2,3,49153/5000,865.36,0.8654,2.7307,0.0163,0.0177,0.9947,comparison/wan_metro_TcpBbr_s43.flowmonitor
tcp_only,wan_metro,TcpBbr,44.0,1000.0,2.2,3,49153/5000,824.18,0.8242,2.6637,0.0193,0.0129,0.9951,comparison/wan_metro_TcpBbr_s44.flowmonitor
tcp_only,wan_metro,TcpCubic,42.0,1000.0,2.2,3,49153/5000,830.17,0.8302,2.5755,0.0339,0.0132,0.9979,comparison/wan_metro_TcpCubic_s42.flowmonitor
tcp_only,wan_metro,TcpCubic,43.0,1000.0,2.2,3,49153/5000,862.89,0.8629,2.629,0.0177,0.0204,0.9984,comparison/wan_metro_TcpCubic_s43.flowmonitor
tcp_only,wan_metro,TcpCubic,44.0,1000.0,2.2,3,49153/5000,834.57,0.8346,2.5884,0.0181,0.0118,0.9993,comparison/wan_metro_TcpCubic_s44.flowmonitor
tcp_only,wan_metro,TcpNewReno,42.0,1000.0,2.2,3,49153/5000,795.95,0.796,2.6624,0.024,0.0076,0.9983,comparison/wan_metro_TcpNewReno_s42.flowmonitor
tcp_only,wan_metro,TcpNewReno,43.0,1000.0,2.2,3,49153/5000,856.41,0.8564,2.7843,0.0325,0.0218,0.9972,comparison/wan_metro_TcpNewReno_s43.flowmonitor
tcp_only,wan_metro,TcpNewReno,44.0,1000.0,2.2,3,49153/5000,826.78,0.8268,2.7453,0.0251,0.0143,0.9959,comparison/wan_metro_TcpNewReno_s44.flowmonitor
tcp_only,wan_metro,TcpSwift,42.0,1000.0,2.2,3,49153/5000,905.05,0.905,2.6178,0.0226,0.0112,0.9997,comparison/wan_metro_TcpSwift_s42.flowmonitor
tcp_only,wan_metro,TcpSwift,43.0,1000.0,2.2,3,49153/5000,904.33,0.9043,2.6634,0.0178,0.0197,0.9994,comparison/wan_metro_TcpSwift_s43.flowmonitor
tcp_only,wan_metro,TcpSwift,44.0,1000.0,2.2,3,49153/5000,914.91,0.9149,2.7021,0.0182,0.014,0.9994,comparison/wan_metro_TcpSwift_s44.flowmonitor
tcp_only,wifi_ac,TcpBbr,42.0,400.0,7.0,3,49153/5000,320.95,0.8024,7.7543,0.0753,0.0122,0.9938,comparison/wifi_ac_TcpBbr_s42.flowmonitor
tcp_only,wifi_ac,TcpBbr,43.0,400.0,7.0,3,49153/5000,334.1,0.8352,8.2576,0.0832,0.0156,0.9972,comparison/wifi_ac_TcpBbr_s43.flowmonitor
tcp_only,wifi_ac,TcpBbr,44.0,400.0,7.0,3,49153/5000,329.86,0.8246,7.904,0.0398,0.0151,0.9858,comparison/wifi_ac_TcpBbr_s44.flowmonitor
tcp_only,wifi_ac,TcpCubic,42.0,400.0,7.0,3,49153/5000,321.11,0.8028,7.8941,0.0639,0.0124,0.9998,comparison/wifi_ac_TcpCubic_s42.flowmonitor
tcp_only,wifi_ac,TcpCubic,43.0,400.0,7.0,3,49153/5000,340.55,0.8514,8.5195,0.0364,0.0238,0.993,comparison/wifi_ac_TcpCubic_s43.flowmonitor
tcp_only,wifi_ac,TcpCubic,44.0,400.0,7.0,3,49153/5000,336.9,0.8422,8.437,0.0754,0.0151,0.9885,comparison/wifi_ac_TcpCubic_s44.flowmonitor
tcp_only,wifi_ac,TcpNewReno,42.0,400.0,7.0,3,49153/5000,317.68,0.7942,8.517,0.0338,0.0134,0.9972,comparison/wifi_ac_TcpNewReno_s42.flowmonitor
tcp_only,wifi_ac,TcpNewReno,43.0,400.0,7.0,3,49153/5000,328.27,0.8207,8.1651,0.0629,0.0128,0.9988,comparison/wifi_ac_TcpNewReno_s43.flowmonitor
tcp_only,wifi_ac,TcpNewReno,44.0,400.0,7.0,3,49153/5000,321.28,0.8032,8.3207,0.0334,0.0125,0.9973,comparison/wifi_ac_TcpNewReno_s44.flowmonitor
tcp_only,wifi_ac,TcpSwift,42.0,400.0,7.0,3,49153/5000,328.05,0.8201,7.7681,0.0618,0.0108,0.9977,comparison/wifi_ac_TcpSwift_s42.flowmonitor
tcp_only,wifi_ac,TcpSwift,43.0,400.0,7.0,3,49153/5000,362.67,0.9067,8.0663,0.0576,0.0155,0.999,comparison/wifi_ac_TcpSwift_s43.flowmonitor
tcp_only,wifi_ac,TcpSwift,44.0,400.0,7.0,3,49153/5000,346.42,0.8661,8.1826,0.0381,0.015,0.9987,comparison/wifi_ac_TcpSwift_s44.flowmonitor
tcp_only,wifi_ax,TcpBbr,42.0,600.0,5.0,3,49153/5000,518.73,0.8645,5.7156,0.0562,0.0256,0.9979,comparison/wifi_ax_TcpBbr_s42.flowmonitor
tcp_only,wifi_ax,TcpBbr,43.0,600.0,5.0,3,49153/5000,514.0,0.8567,5.7869,0.0266,0.0218,0.9964,comparison/wifi_ax_TcpBbr_s43.flowmonitor
tcp_only,wifi_ax,TcpBbr,44.0,600.0,5.0,3,49153/5000,489.25,0.8154,5.7186,0.0652,0.016,0.9996,comparison/wifi_ax_TcpBbr_s44.flowmonitor
tcp_only,wifi_ax,TcpCubic,42.0,600.0,5.0,3,49153/5000,522.23,0.8704,5.7665,0.0686,0.0199,0.9979,comparison/wifi_ax_TcpCubic_s42.flowmonitor
tcp_only,wifi_ax,TcpCubic,43.0,600.0,5.0,3,49153/5000,517.74,0.8629,5.9115,0.0555,0.0211,0.9991,comparison/wifi_ax_TcpCubic_s43.flowmonitor
tcp_only,wifi_ax,TcpCubic,44.0,600.0,5.0,3,49153/5000,501.06,0.8351,5.6114,0.0251,0.0175,0.9956,comparison/wifi_ax_TcpCubic_s44.flowmonitor
tcp_only,wifi_ax,TcpNewReno,42.0,600.0,5.0,3,49153/5000,499.38,0.8323,5.8098,0.0699,0.0186,0.9888,comparison/wifi_ax_TcpNewReno_s42.flowmonitor
tcp_only,wifi_ax,TcpNewReno,43.0,600.0,5.0,3,49153/5000,497.18,0.8286,5.9649,0.0864,0.0119,0.9965,comparison/wifi_ax_TcpNewReno_s43.flowmonitor
tcp_only,wifi_ax,TcpNewReno,44.0,600.0,5.0,3,49153/5000,477.82,0.7964,5.9107,0.0413,0.0113,0.9974,comparison/wifi_ax_TcpNewReno_s44.flowmonitor
tcp_only,wifi_ax,TcpSwift,42.0,600.0,5.0,3,49153/5000,570.31,0.9505,5.5645,0.0671,0.0197,0.9979,comparison/wifi_ax_TcpSwift_s42.flowmonitor
tcp_only,wifi_ax,TcpSwift,43.0,600.0,5.0,3,49153/5000,546.56,0.9109,5.881,0.0573,0.0207,0.9981,comparison/wifi_ax_TcpSwift_s43.flowmonitor
tcp_only,wifi_ax,TcpSwift,44.0,600.0,5.0,3,49153/5000,534.33,0.8905,5.7517,0.0411,0.0152,0.9999,comparison/wifi_ax_TcpSwift_s44.flowmonitor
tcp_only,wifi_legacy,TcpBbr,42.0,10.0,30.0,3,49153/5000,8.13,0.8132,77.1662,0.3286,0.0218,0.9942,comparison/wifi_legacy_TcpBbr_s42.flowmonitor
tcp_only,wifi_legacy,TcpBbr,43.0,10.0,30.0,3,49153/5000,7.74,0.7738,67.2812,0.8841,0.0,0.996,comparison/wifi_legacy_TcpBbr_s43.flowmonitor
tcp_only,wifi_legacy,TcpBbr,44.0,10.0,30.0,3,49153/5000,7.91,0.7913,71.7975,0.9279,0.0224,0.9964,comparison/wifi_legacy_TcpBbr_s44.flowmonitor
tcp_only,wifi_legacy,TcpCubic,42.0,10.0,30.0,3,49153/5000,8.36,0.836,80.7363,0.3022,0.0212,0.9987,comparison/wifi_legacy_TcpCubic_s42.flowmonitor
tcp_only,wifi_legacy,TcpCubic,43.0,10.0,30.0,3,49153/5000,7.95,0.7946,74.6033,0.8796,0.0223,0.9995,comparison/wifi_legacy_TcpCubic_s43.flowmonitor
tcp_only,wifi_legacy,TcpCubic,44.0,10.0,30.0,3,49153/5000,8.07,0.8074,78.3228,1.0219,0.022,0.9872,comparison/wifi_legacy_TcpCubic_s44.flowmonitor
tcp_only,wifi_legacy,TcpNewReno,42.0,10.0,30.0,3,49153/5000,8.24,0.8239,81.5969,0.5586,0.0216,0.9995,comparison/wifi_legacy_TcpNewReno_s42.flowmonitor
tcp_only,wifi_legacy,TcpNewReno,43.0,10.0,30.0,3,49153/5000,7.78,0.778,71.2197,0.5455,0.0,0.9925,comparison/wifi_legacy_TcpNewReno_s43.flowmonitor
tcp_only,wifi_legacy,TcpNewReno,44.0,10.0,30.0,3,49153/5000,7.85,0.7854,75.7171,0.2319,0.0226,0.997,comparison/wifi_legacy_TcpNewReno_s44.flowmonitor
tcp_only,wifi_legacy,TcpSwift,42.0,10.0,30.0,3,49153/5000,9.11,0.9112,81.6782,0.3321,0.0195,0.9993,comparison/wifi_legacy_TcpSwift_s42.flowmonitor
tcp_only,wifi_legacy,TcpSwift,43.0,10.0,30.0,3,49153/5000,8.41,0.841,68.5678,0.8883,0.0,0.9978,comparison/wifi_legacy_TcpSwift_s43.flowmonitor
tcp_only,wifi_legacy,TcpSwift,44.0,10.0,30.0,3,49153/5000,8.37,0.8369,73.3836,0.9294,0.0212,0.996,comparison/wifi_legacy_TcpSwift_s44.flowmonitor
tcp_only,wifi_n,TcpBbr,42.0,50.0,14.0,3,49153/5000,40.0,0.8,21.5018,0.1402,0.0133,1.0,comparison/wifi_n_TcpBbr_s42.flowmonitor
tcp_only,wifi_n,TcpBbr,43.0,50.0,14.0,3,49153/5000,42.94,0.8587,24.1921,0.2862,0.0207,0.9986,comparison/wifi_n_TcpBbr_s43.flowmonitor
tcp_only,wifi_n,TcpBbr,44.0,50.0,14.0,3,49153/5000,40.25,0.805,21.9048,0.3088,0.0132,0.9999,comparison/wifi_n_TcpBbr_s44.flowmonitor
tcp_only,wifi_n,TcpCubic,42.0,50.0,14.0,3,49153/5000,40.98,0.8196,22.6391,0.2606,0.0173,0.9964,comparison/wifi_n_TcpCubic_s42.flowmonitor
tcp_only,wifi_n,TcpCubic,43.0,50.0,14.0,3,49153/5000,44.11,0.8822,25.3611,0.2364,0.0242,0.9991,comparison/wifi_n_TcpCubic_s43.flowmonitor
tcp_only,wifi_n,TcpCubic,44.0,50.0,14.0,3,49153/5000,41.28,0.8256,23.0359,0.3051,0.0201,0.998,comparison/wifi_n_TcpCubic_s44.flowmonitor
tcp_only,wifi_n,TcpNewReno,42.0,50.0,14.0,3,49153/5000,39.5,0.7901,23.1125,0.2004,0.0105,0.9935,comparison/wifi_n_TcpNewReno_s42.flowmonitor
tcp_only,wifi_n,TcpNewReno,43.0,50.0,14.0,3,49153/5000,42.21,0.8443,24.4966,0.2301,0.0168,0.997,comparison/wifi_n_TcpNewReno_s43.flowmonitor
tcp_only,wifi_n,TcpNewReno,44.0,50.0,14.0,3,49153/5000,39.83,0.7966,23.588,0.0789,0.0104,0.9992,comparison/wifi_n_TcpNewReno_s44.flowmonitor
tcp_only,wifi_n,TcpSwift,42.0,50.0,14.0,3,49153/5000,45.38,0.9077,22.5195,0.1804,0.013,0.9989,comparison/wifi_n_TcpSwift_s42.flowmonitor
tcp_only,wifi_n,TcpSwift,43.0,50.0,14.0,3,49153/5000,47.53,0.9507,24.1774,0.2132,0.0224,0.9997,comparison/wifi_n_TcpSwift_s43.flowmonitor
tcp_only,wifi_n,TcpSwift,44.0,50.0,14.0,3,49153/5000,42.72,0.8545,22.6293,0.2846,0.0125,1.0,comparison/wifi_n_TcpSwift_s44.flowmonitor
udp_burst,asymmetric_high,TcpBbr,42.0,1000.0,0.012,3,49153/5000,558.74,0.5587,0.411,0.0016,0.0189,0.9968,comparison-udp/asymmetric_high_TcpBbr_s42.flowmonitor
udp_burst,asymmetric_high,TcpBbr,43.0,1000.0,0.012,3,49153/5000,580.09,0.5801,0.4807,0.0032,0.0324,0.9895,comparison-udp/asymmetric_high_TcpBbr_s43.flowmonitor
udp_burst,asymmetric_high,TcpBbr,44.0,1000.0,0.012,3,49153/5000,581.75,0.5818,0.4669,0.0067,0.0253,0.998,comparison-udp/asymmetric_high_TcpBbr_s44.flowmonitor
udp_burst,asymmetric_high,TcpCubic,42.0,1000.0,0.012,3,49153/5000,562.3,0.5623,0.4149,0.0054,0.0248,0.9995,comparison-udp/asymmetric_high_TcpCubic_s42.flowmonitor
udp_burst,asymmetric_high,TcpCubic,43.0,1000.0,0.012,3,49153/5000,593.79,0.5938,0.5486,0.0056,0.0422,0.9989,comparison-udp/asymmetric_high_TcpCubic_s43.flowmonitor
udp_burst,asymmetric_high,TcpCubic,44.0,1000.0,0.012,3,49153/5000,591.1,0.5911,0.5003,0.0027,0.0349,0.9995,comparison-udp/asymmetric_high_TcpCubic_s44.flowmonitor
udp_burst,asymmetric_high,TcpNewReno,42.0,1000.0,0.012,3,49153/5000,556.16,0.5562,0.4261,0.0013,0.0211,0.9978,comparison-udp/asymmetric_high_TcpNewReno_s42.flowmonitor
udp_burst,asymmetric_high,TcpNewReno,43.0,1000.0,0.012,3,49153/5000,561.15,0.5611,0.4679,0.0017,0.0304,0.9911,comparison-udp/asymmetric_high_TcpNewReno_s43.flowmonitor
udp_burst,asymmetric_high,TcpNewReno,44.0,1000.0,0.012,3,49153/5000,571.47,0.5715,0.4727,0.0043,0.0278,0.9982,comparison-udp/asymmetric_high_TcpNewReno_s44.flowmonitor
udp_burst,asymmetric_high,TcpSwift,42.0,1000.0,0.012,3,49153/5000,589.51,0.5895,0.4155,0.0016,0.0187,0.9999,comparison-udp/asymmetric_high_TcpSwift_s42.flowmonitor
udp_burst,asymmetric_high,TcpSwift,43.0,1000.0,0.012,3,49153/5000,641.78,0.6418,0.4858,0.0033,0.0327,0.9976,comparison-udp/asymmetric_high_TcpSwift_s43.flowmonitor
udp_burst,asymmetric_high,TcpSwift,44.0,1000.0,0.012,3,49153/5000,609.64,0.6096,0.4581,0.0041,0.0263,0.9989,comparison-udp/asymmetric_high_TcpSwift_s44.flowmonitor
udp_burst,congested_heavy,TcpBbr,42.0,500.0,0.009,3,49153/5000,290.55,0.5811,0.9518,0.0124,0.033,0.9985,comparison-udp/congested_heavy_TcpBbr_s42.flowmonitor
udp_burst,congested_heavy,TcpBbr,43.0,500.0,0.009,3,49153/5000,274.54,0.5491,0.8761,0.0029,0.0252,0.9967,comparison-udp/congested_heavy_TcpBbr_s43.flowmonitor
udp_burst,congested_heavy,TcpBbr,44.0,500.0,0.009,3,49153/5000,284.64,0.5693,0.911,0.01,0.0316,0.9962,comparison-udp/congested_heavy_TcpBbr_s44.flowmonitor
udp_burst,congested_heavy,TcpCubic,42.0,500.0,0.009,3,49153/5000,293.49,0.587,1.001,0.0063,0.0335,0.9974,comparison-udp/congested_heavy_TcpCubic_s42.flowmonitor
udp_burst,congested_heavy,TcpCubic,43.0,500.0,0.009,3,49153/5000,283.5,0.567,0.9825,0.0025,0.0259,0.9988,comparison-udp/congested_heavy_TcpCubic_s43.flowmonitor
udp_burst,congested_heavy,TcpCubic,44.0,500.0,0.009,3,49153/5000,294.24,0.5885,1.0141,0.0085,0.0316,0.9989,comparison-udp/congested_heavy_TcpCubic_s44.flowmonitor
udp_burst,congested_heavy,TcpNewReno,42.0,500.0,0.009,3,49153/5000,295.08,0.5902,1.046,0.0073,0.0343,0.999,comparison-udp/congested_heavy_TcpNewReno_s42.flowmonitor
udp_burst,congested_heavy,TcpNewReno,43.0,500.0,0.009,3,49153/5000,270.14,0.5403,0.8691,0.004,0.0285,0.9972,comparison-udp/congested_heavy_TcpNewReno_s43.flowmonitor
udp_burst,congested_heavy,TcpNewReno,44.0,500.0,0.009,3,49153/5000,280.84,0.5617,0.9094,0.0112,0.028,0.9918,comparison-udp/congested_heavy_TcpNewReno_s44.flowmonitor
udp_burst,congested_heavy,TcpSwift,42.0,500.0,0.009,3,49153/5000,311.75,0.6235,0.9866,0.0067,0.0347,0.9999,comparison-udp/congested_heavy_TcpSwift_s42.flowmonitor
udp_burst,congested_heavy,TcpSwift,43.0,500.0,0.009,3,49153/5000,290.74,0.5815,0.8654,0.0028,0.0271,0.9997,comparison-udp/congested_heavy_TcpSwift_s43.flowmonitor
udp_burst,congested_heavy,TcpSwift,44.0,500.0,0.009,3,49153/5000,315.7,0.6314,0.9259,0.0102,0.0322,0.9985,comparison-udp/congested_heavy_TcpSwift_s44.flowmonitor
udp_burst,congested_light,TcpBbr,42.0,5000.0,0.009,3,49153/5000,2878.35,0.5757,0.0897,0.0007,0.0336,0.9985,comparison-udp/congested_light_TcpBbr_s42.flowmonitor
udp_burst,congested_light,TcpBbr,43.0,5000.0,0.009,3,49153/5000,2988.47,0.5977,0.1035,0.0007,0.0384,0.9999,comparison-udp/congested_light_TcpBbr_s43.flowmonitor
udp_burst,congested_light,TcpBbr,44.0,5000.0,0.009,3,49153/5000,2983.14,0.5966,0.0982,0.001,0.0233,0.999,comparison-udp/congested_light_TcpBbr_s44.flowmonitor
udp_burst,congested_light,TcpCubic,42.0,5000.0,0.009,3,49153/5000,2961.49,0.5923,0.1003,0.0003,0.0393,0.9992,comparison-udp/congested_light_TcpCubic_s42.flowmonitor
udp_burst,congested_light,TcpCubic,43.0,5000.0,0.009,3,49153/5000,2988.28,0.5977,0.1091,0.0012,0.0382,0.9997,comparison-udp/congested_light_TcpCubic_s43.flowmonitor
udp_burst,congested_light,TcpCubic,44.0,5000.0,0.009,3,49153/5000,3032.69,0.6065,0.1044,0.0003,0.0247,0.9999,comparison-udp/congested_light_TcpCubic_s44.flowmonitor
udp_burst,congested_light,TcpNewReno,42.0,5000.0,0.009,3,49153/5000,2782.07,0.5564,0.0851,0.0011,0.0216,0.9983,comparison-udp/congested_light_TcpNewReno_s42.flowmonitor
udp_burst,congested_light,TcpNewReno,43.0,5000.0,0.009,3,49153/5000,2904.76,0.581,0.0976,0.0011,0.0211,0.9994,comparison-udp/congested_light_TcpNewReno_s43.flowmonitor
udp_burst,congested_light,TcpNewReno,44.0,5000.0,0.009,3,49153/5000,2912.92,0.5826,0.0956,0.0011,0.0219,0.9999,comparison-udp/congested_light_TcpNewReno_s44.flowmonitor
udp_burst,congested_light,TcpSwift,42.0,5000.0,0.009,3,49153/5000,3206.71,0.6413,0.0883,0.0007,0.028,0.9979,comparison-udp/congested_light_TcpSwift_s42.flowmonitor
udp_burst,congested_light,TcpSwift,43.0,5000.0,0.009,3,49153/5000,3204.07,0.6408,0.1035,0.0012,0.0336,0.9996,comparison-udp/congested_light_TcpSwift_s43.flowmonitor
udp_burst,congested_light,TcpSwift,44.0,5000.0,0.009,3,49153/5000,3185.43,0.6371,0.0947,0.001,0.0199,0.9998,comparison-udp/congested_light_TcpSwift_s44.flowmonitor
udp_burst,congested_medium,TcpBbr,42.0,2000.0,0.009,3,49153/5000,1117.82,0.5589,0.2018,0.0014,0.0189,0.9985,comparison-udp/congested_medium_TcpBbr_s42.flowmonitor
udp_burst,congested_medium,TcpBbr,43.0,2000.0,0.009,3,49153/5000,1174.75,0.5874,0.2541,0.0026,0.0246,0.9991,comparison-udp/congested_medium_TcpBbr_s43.flowmonitor
udp_burst,congested_medium,TcpBbr,44.0,2000.0,0.009,3,49153/5000,1142.14,0.5711,0.2128,0.0023,0.032,0.9995,comparison-udp/congested_medium_TcpBbr_s44.flowmonitor
udp_burst,congested_medium,TcpCubic,42.0,2000.0,0.009,3,49153/5000,1141.51,0.5708,0.2187,0.0016,0.0254,0.9997,comparison-udp/congested_medium_TcpCubic_s42.flowmonitor
udp_burst,congested_medium,TcpCubic,43.0,2000.0,0.009,3,49153/5000,1173.77,0.5869,0.2535,0.0006,0.0312,0.9996,comparison-udp/congested_medium_TcpCubic_s43.flowmonitor
udp_burst,congested_medium,TcpCubic,44.0,2000.0,0.009,3,49153/5000,1179.53,0.5898,0.233,0.0023,0.0293,0.9999,comparison-udp/congested_medium_TcpCubic_s44.flowmonitor
udp_burst,congested_medium,TcpNewReno,42.0,2000.0,0.009,3,49153/5000,1078.79,0.5394,0.1944,0.0024,0.0236,0.9999,comparison-udp/congested_medium_TcpNewReno_s42.flowmonitor
udp_burst,congested_medium,TcpNewReno,43.0,2000.0,0.009,3,49153/5000,1138.83,0.5694,0.2405,0.0021,0.0294,0.9999,comparison-udp/congested_medium_TcpNewReno_s43.flowmonitor
udp_burst,congested_medium,TcpNewReno,44.0,2000.0,0.009,3,49153/5000,1140.99,0.5705,0.223,0.0029,0.02,0.9978,comparison-udp/congested_medium_TcpNewReno_s44.flowmonitor
udp_burst,congested_medium,TcpSwift,42.0,2000.0,0.009,3,49153/5000,1202.75,0.6014,0.2024,0.0016,0.0219,0.9985,comparison-udp/congested_medium_TcpSwift_s42.flowmonitor
udp_burst,congested_medium,TcpSwift,43.0,2000.0,0.009,3,49153/5000,1273.05,0.6365,0.2528,0.0021,0.0267,0.9991,comparison-udp/congested_medium_TcpSwift_s43.flowmonitor
udp_burst,congested_medium,TcpSwift,44.0,2000.0,0.009,3,49153/5000,1229.95,0.615,0.2258,0.0024,0.0267,0.9982,comparison-udp/congested_medium_TcpSwift_s44.flowmonitor
udp_burst,cross_dc_wan,TcpBbr,42.0,1000.0,5.02,3,49153/5000,564.47,0.5645,5.4024,0.0317,0.0257,0.9999,comparison-udp/cross_dc_wan_TcpBbr_s42.flowmonitor
udp_burst,cross_dc_wan,TcpBbr,43.0,1000.0,5.02,3,49153/5000,585.57,0.5856,5.4413,0.0715,0.0278,0.9984,comparison-udp/cross_dc_wan_TcpBbr_s43.flowmonitor
udp_burst,cross_dc_wan,TcpBbr,44.0,1000.0,5.02,3,49153/5000,572.74,0.5727,5.4448,0.0153,0.0294,0.9952,comparison-udp/cross_dc_wan_TcpBbr_s44.flowmonitor
udp_burst,cross_dc_wan,TcpCubic,42.0,1000.0,5.02,3,49153/5000,563.13,0.5631,5.3692,0.033,0.0268,0.9998,comparison-udp/cross_dc_wan_TcpCubic_s42.flowmonitor
udp_burst,cross_dc_wan,TcpCubic,43.0,1000.0,5.02,3,49153/5000,610.25,0.6103,5.4421,0.0437,0.032,0.9996,comparison-udp/cross_dc_wan_TcpCubic_s43.flowmonitor
udp_burst,cross_dc_wan,TcpCubic,44.0,1000.0,5.02,3,49153/5000,588.55,0.5886,5.5026,0.0626,0.0249,0.9999,comparison-udp/cross_dc_wan_TcpCubic_s44.flowmonitor
udp_burst,cross_dc_wan,TcpNewReno,42.0,1000.0,5.02,3,49153/5000,547.15,0.5472,5.6097,0.017,0.0301,0.9999,comparison-udp/cross_dc_wan_TcpNewReno_s42.flowmonitor
udp_burst,cross_dc_wan,TcpNewReno,43.0,1000.0,5.02,3,49153/5000,575.62,0.5756,5.683,0.0228,0.0254,0.9926,comparison-udp/cross_dc_wan_TcpNewReno_s43.flowmonitor
udp_burst,cross_dc_wan,TcpNewReno,44.0,1000.0,5.02,3,49153/5000,570.27,0.5703,5.5806,0.049,0.0215,0.9957,comparison-udp/cross_dc_wan_TcpNewReno_s44.flowmonitor
udp_burst,cross_dc_wan,TcpSwift,42.0,1000.0,5.02,3,49153/5000,626.57,0.6266,5.4288,0.0325,0.0236,0.9987,comparison-udp/cross_dc_wan_TcpSwift_s42.flowmonitor
udp_burst,cross_dc_wan,TcpSwift,43.0,1000.0,5.02,3,49153/5000,641.83,0.6418,5.5117,0.044,0.0266,0.9992,comparison-udp/cross_dc_wan_TcpSwift_s43.flowmonitor
udp_burst,cross_dc_wan,TcpSwift,44.0,1000.0,5.02,3,49153/5000,615.93,0.6159,5.5733,0.047,0.026,0.9997,comparison-udp/cross_dc_wan_TcpSwift_s44.flowmonitor
udp_burst,cross_pod_10g,TcpBbr,42.0,10000.0,0.06,3,49153/5000,5908.02,0.5908,0.105,0.0011,0.0378,0.9992,comparison-udp/cross_pod_10g_TcpBbr_s42.flowmonitor
udp_burst,cross_pod_10g,TcpBbr,43.0,10000.0,0.06,3,49153/5000,5820.65,0.5821,0.1007,0.0012,0.0288,0.9983,comparison-udp/cross_pod_10g_TcpBbr_s43.flowmonitor
udp_burst,cross_pod_10g,TcpBbr,44.0,10000.0,0.06,3,49153/5000,5594.61,0.5595,0.0961,0.0003,0.0288,0.998,comparison-udp/cross_pod_10g_TcpBbr_s44.flowmonitor
udp_burst,cross_pod_10g,TcpCubic,42.0,10000.0,0.06,3,49153/5000,5744.96,0.5745,0.1028,0.0008,0.0227,0.9992,comparison-udp/cross_pod_10g_TcpCubic_s42.flowmonitor
udp_burst,cross_pod_10g,TcpCubic,43.0,10000.0,0.06,3,49153/5000,5884.74,0.5885,0.1037,0.0012,0.0328,0.9981,comparison-udp/cross_pod_10g_TcpCubic_s43.flowmonitor
udp_burst,cross_pod_10g,TcpCubic,44.0,10000.0,0.06,3,49153/5000,5703.32,0.5703,0.1012,0.0012,0.0262,0.9996,comparison-udp/cross_pod_10g_TcpCubic_s44.flowmonitor
udp_burst,cross_pod_10g,TcpNewReno,42.0,10000.0,0.06,3,49153/5000,5624.22,0.5624,0.1042,0.0005,0.0232,0.9999,comparison-udp/cross_pod_10g_TcpNewReno_s42.flowmonitor
udp_burst,cross_pod_10g,TcpNewReno,43.0,10000.0,0.06,3,49153/5000,5900.23,0.59,0.1125,0.0012,0.0245,0.9999,comparison-udp/cross_pod_10g_TcpNewReno_s43.flowmonitor
udp_burst,cross_pod_10g,TcpNewReno,44.0,10000.0,0.06,3,49153/5000,5488.35,0.5488,0.0976,0.0004,0.0204,0.9999,comparison-udp/cross_pod_10g_TcpNewReno_s44.flowmonitor
udp_burst,cross_pod_10g,TcpSwift,42.0,10000.0,0.06,3,49153/5000,6398.5,0.6399,0.1025,0.0008,0.0242,0.9997,comparison-udp/cross_pod_10g_TcpSwift_s42.flowmonitor
udp_burst,cross_pod_10g,TcpSwift,43.0,10000.0,0.06,3,49153/5000,6399.19,0.6399,0.1016,0.0011,0.0255,0.9993,comparison-udp/cross_pod_10g_TcpSwift_s43.flowmonitor
udp_burst,cross_pod_10g,TcpSwift,44.0,10000.0,0.06,3,49153/5000,6241.68,0.6242,0.0968,0.0004,0.0275,0.9987,comparison-udp/cross_pod_10g_TcpSwift_s44.flowmonitor
udp_burst,cross_pod_20g,TcpBbr,42.0,20000.0,0.06,3,49153/5000,12098.45,0.6049,0.0838,0.0008,0.0286,0.9985,comparison-udp/cross_pod_20g_TcpBbr_s42.flowmonitor
udp_burst,cross_pod_20g,TcpBbr,43.0,20000.0,0.06,3,49153/5000,12238.25,0.6119,0.0807,0.0002,0.038,0.9992,comparison-udp/cross_pod_20g_TcpBbr_s43.flowmonitor
udp_burst,cross_pod_20g,TcpBbr,44.0,20000.0,0.06,3,49153/5000,11687.22,0.5844,0.0806,0.0006,0.0279,0.9986,comparison-udp/cross_pod_20g_TcpBbr_s44.flowmonitor
udp_burst,cross_pod_20g,TcpCubic,42.0,20000.0,0.06,3,49153/5000,12111.2,0.6056,0.0856,0.0005,0.0262,0.9991,comparison-udp/cross_pod_20g_TcpCubic_s42.flowmonitor
udp_burst,cross_pod_20g,TcpCubic,43.0,20000.0,0.06,3,49153/5000,12217.93,0.6109,0.0854,0.0005,0.0234,0.9993,comparison-udp/cross_pod_20g_TcpCubic_s43.flowmonitor
udp_burst,cross_pod_20g,TcpCubic,44.0,20000.0,0.06,3,49153/5000,11452.13,0.5726,0.0827,0.001,0.03,0.9993,comparison-udp/cross_pod_20g_TcpCubic_s44.flowmonitor
udp_burst,cross_pod_20g,TcpNewReno,42.0,20000.0,0.06,3,49153/5000,11706.17,0.5853,0.0826,0.0009,0.0192,0.9985,comparison-udp/cross_pod_20g_TcpNewReno_s42.flowmonitor
udp_burst,cross_pod_20g,TcpNewReno,43.0,20000.0,0.06,3,49153/5000,12051.27,0.6026,0.0882,0.0008,0.0258,0.9988,comparison-udp/cross_pod_20g_TcpNewReno_s43.flowmonitor
udp_burst,cross_pod_20g,TcpNewReno,44.0,20000.0,0.06,3,49153/5000,11481.47,0.5741,0.0848,0.0004,0.0243,0.9997,comparison-udp/cross_pod_20g_TcpNewReno_s44.flowmonitor
udp_burst,cross_pod_20g,TcpSwift,42.0,20000.0,0.06,3,49153/5000,12596.49,0.6298,0.0852,0.0008,0.0245,0.9999,comparison-udp/cross_pod_20g_TcpSwift_s42.flowmonitor
udp_burst,cross_pod_20g,TcpSwift,43.0,20000.0,0.06,3,49153/5000,12560.83,0.628,0.0834,0.0004,0.0263,0.9988,comparison-udp/cross_pod_20g_TcpSwift_s43.flowmonitor
udp_burst,cross_pod_20g,TcpSwift,44.0,20000.0,0.06,3,49153/5000,12253.21,0.6127,0.0835,0.0006,0.0283,0.9999,comparison-udp/cross_pod_20g_TcpSwift_s44.flowmonitor
udp_burst,dc_100g,TcpBbr,42.0,100000.0,0.004,3,49153/5000,58136.24,0.5814,0.008,0.0,0.0211,0.9999,comparison-udp/dc_100g_TcpBbr_s42.flowmonitor
udp_burst,dc_100g,TcpBbr,43.0,100000.0,0.004,3,49153/5000,60229.22,0.6023,0.0083,0.0001,0.0303,0.9996,comparison-udp/dc_100g_TcpBbr_s43.flowmonitor
udp_burst,dc_100g,TcpBbr,44.0,100000.0,0.004,3,49153/5000,59053.12,0.5905,0.0083,0.0001,0.0247,0.9981,comparison-udp/dc_100g_TcpBbr_s44.flowmonitor
udp_burst,dc_100g,TcpCubic,42.0,100000.0,0.004,3,49153/5000,59743.96,0.5974,0.0084,0.0001,0.037,0.9998,comparison-udp/dc_100g_TcpCubic_s42.flowmonitor
udp_burst,dc_100g,TcpCubic,43.0,100000.0,0.004,3,49153/5000,61459.83,0.6146,0.0085,0.0001,0.0241,0.9999,comparison-udp/dc_100g_TcpCubic_s43.flowmonitor
udp_burst,dc_100g,TcpCubic,44.0,100000.0,0.004,3,49153/5000,59618.59,0.5962,0.0086,0.0,0.0243,1.0,comparison-udp/dc_100g_TcpCubic_s44.flowmonitor
udp_burst,dc_100g,TcpNewReno,42.0,100000.0,0.004,3,49153/5000,57436.97,0.5744,0.0084,0.0,0.0273,0.998,comparison-udp/dc_100g_TcpNewReno_s42.flowmonitor
udp_burst,dc_100g,TcpNewReno,43.0,100000.0,0.004,3,49153/5000,58108.21,0.5811,0.0083,0.0001,0.0178,0.9987,comparison-udp/dc_100g_TcpNewReno_s43.flowmonitor
udp_burst,dc_100g,TcpNewReno,44.0,100000.0,0.004,3,49153/5000,56847.35,0.5685,0.0079,0.0001,0.0193,0.9999,comparison-udp/dc_100g_TcpNewReno_s44.flowmonitor
udp_burst,dc_100g,TcpSwift,42.0,100000.0,0.004,3,49153/5000,61076.27,0.6108,0.0083,0.0,0.0273,0.9999,comparison-udp/dc_100g_TcpSwift_s42.flowmonitor
udp_burst,dc_100g,TcpSwift,43.0,100000.0,0.004,3,49153/5000,66126.63,0.6613,0.0081,0.0001,0.0251,0.9999,comparison-udp/dc_100g_TcpSwift_s43.flowmonitor
udp_burst,dc_100g,TcpSwift,44.0,100000.0,0.004,3,49153/5000,63428.58,0.6343,0.0082,0.0001,0.0245,1.0,comparison-udp/dc_100g_TcpSwift_s44.flowmonitor
udp_burst,dc_100m,TcpBbr,42.0,100.0,0.009,3,49153/5000,58.97,0.5897,4.8104,0.0625,0.0381,0.9983,comparison-udp/dc_100m_TcpBbr_s42.flowmonitor
udp_burst,dc_100m,TcpBbr,43.0,100.0,0.009,3,49153/5000,55.82,0.5582,3.7517,0.0201,0.018,0.999,comparison-udp/dc_100m_TcpBbr_s43.flowmonitor
udp_burst,dc_100m,TcpBbr,44.0,100.0,0.009,3,49153/5000,57.29,0.5729,4.1536,0.0539,0.0238,0.9998,comparison-udp/dc_100m_TcpBbr_s44.flowmonitor
udp_burst,dc_100m,TcpCubic,42.0,100.0,0.009,3,49153/5000,58.22,0.5822,4.7962,0.0223,0.0244,0.9998,comparison-udp/dc_100m_TcpCubic_s42.flowmonitor
udp_burst,dc_100m,TcpCubic,43.0,100.0,0.009,3,49153/5000,56.75,0.5675,4.1782,0.0184,0.0198,0.9989,comparison-udp/dc_100m_TcpCubic_s43.flowmonitor
udp_burst,dc_100m,TcpCubic,44.0,100.0,0.009,3,49153/5000,57.56,0.5756,4.3424,0.0114,0.0185,0.9992,comparison-udp/dc_100m_TcpCubic_s44.flowmonitor
udp_burst,dc_100m,TcpNewReno,42.0,100.0,0.009,3,49153/5000,57.8,0.578,4.6697,0.0575,0.0338,0.9997,comparison-udp/dc_100m_TcpNewReno_s42.flowmonitor
udp_burst,dc_100m,TcpNewReno,43.0,100.0,0.009,3,49153/5000,54.08,0.5408,3.5881,0.0162,0.0164,0.9972,comparison-udp/dc_100m_TcpNewReno_s43.flowmonitor
udp_burst,dc_100m,TcpNewReno,44.0,100.0,0.009,3,49153/5000,54.85,0.5485,3.8844,0.0251,0.0216,0.9979,comparison-udp/dc_100m_TcpNewReno_s44.flowmonitor
udp_burst,dc_100m,TcpSwift,42.0,100.0,0.009,3,49153/5000,64.63,0.6463,4.7847,0.0575,0.0375,0.9992,comparison-udp/dc_100m_TcpSwift_s42.flowmonitor
udp_burst,dc_100m,TcpSwift,43.0,100.0,0.009,3,49153/5000,58.05,0.5805,3.6758,0.0181,0.0163,0.9995,comparison-udp/dc_100m_TcpSwift_s43.flowmonitor
udp_burst,dc_100m,TcpSwift,44.0,100.0,0.009,3,49153/5000,61.44,0.6144,4.1907,0.0246,0.0222,0.9984,comparison-udp/dc_100m_TcpSwift_s44.flowmonitor
udp_burst,dc_500m,TcpBbr,42.0,500.0,0.009,3,49153/5000,298.28,0.5966,0.8379,0.0019,0.0288,0.9987,comparison-udp/dc_500m_TcpBbr_s42.flowmonitor
udp_burst,dc_500m,TcpBbr,43.0,500.0,0.009,3,49153/5000,296.48,0.593,0.8617,0.0024,0.0275,0.9998,comparison-udp/dc_500m_TcpBbr_s43.flowmonitor
udp_burst,dc_500m,TcpBbr,44.0,500.0,0.009,3,49153/5000,285.14,0.5703,0.7794,0.0059,0.0224,0.9996,comparison-udp/dc_500m_TcpBbr_s44.flowmonitor
udp_burst,dc_500m,TcpCubic,42.0,500.0,0.009,3,49153/5000,302.38,0.6048,0.9084,0.0069,0.0252,0.9991,comparison-udp/dc_500m_TcpCubic_s42.flowmonitor
udp_burst,dc_500m,TcpCubic,43.0,500.0,0.009,3,49153/5000,301.19,0.6024,0.9193,0.0045,0.021,0.9989,comparison-udp/dc_500m_TcpCubic_s43.flowmonitor
udp_burst,dc_500m,TcpCubic,44.0,500.0,0.009,3,49153/5000,294.73,0.5895,0.9033,0.0112,0.0223,0.9998,comparison-udp/dc_500m_TcpCubic_s44.flowmonitor
udp_burst,dc_500m,TcpNewReno,42.0,500.0,0.009,3,49153/5000,294.84,0.5897,0.8741,0.0049,0.0233,0.9991,comparison-udp/dc_500m_TcpNewReno_s42.flowmonitor
udp_burst,dc_500m,TcpNewReno,43.0,500.0,0.009,3,49153/5000,289.53,0.5791,0.8138,0.0088,0.0245,0.9996,comparison-udp/dc_500m_TcpNewReno_s43.flowmonitor
udp_burst,dc_500m,TcpNewReno,44.0,500.0,0.009,3,49153/5000,286.07,0.5721,0.8328,0.0034,0.0275,0.9989,comparison-udp/dc_500m_TcpNewReno_s44.flowmonitor
udp_burst,dc_500m,TcpSwift,42.0,500.0,0.009,3,49153/5000,314.04,0.6281,0.8515,0.0051,0.0232,0.9999,comparison-udp/dc_500m_TcpSwift_s42.flowmonitor
udp_burst,dc_500m,TcpSwift,43.0,500.0,0.009,3,49153/5000,323.72,0.6474,0.877,0.0041,0.0232,0.9999,comparison-udp/dc_500m_TcpSwift_s43.flowmonitor
udp_burst,dc_500m,TcpSwift,44.0,500.0,0.009,3,49153/5000,321.4,0.6428,0.805,0.0057,0.0192,0.9999,comparison-udp/dc_500m_TcpSwift_s44.flowmonitor
udp_burst,dc_oversub_10to1,TcpBbr,42.0,1000.0,0.009,3,49153/5000,578.02,0.578,0.4325,0.0058,0.0269,0.9995,comparison-udp/dc_oversub_10to1_TcpBbr_s42.flowmonitor
udp_burst,dc_oversub_10to1,TcpBbr,43.0,1000.0,0.009,3,49153/5000,608.94,0.6089,0.4987,0.0047,0.0339,0.9998,comparison-udp/dc_oversub_10to1_TcpBbr_s43.flowmonitor
udp_burst,dc_oversub_10to1,TcpBbr,44.0,1000.0,0.009,3,49153/5000,555.46,0.5555,0.4001,0.0009,0.0244,0.9991,comparison-udp/dc_oversub_10to1_TcpBbr_s44.flowmonitor
udp_burst,dc_oversub_10to1,TcpCubic,42.0,1000.0,0.009,3,49153/5000,577.46,0.5775,0.4364,0.0025,0.0257,0.9998,comparison-udp/dc_oversub_10to1_TcpCubic_s42.flowmonitor
udp_burst,dc_oversub_10to1,TcpCubic,43.0,1000.0,0.009,3,49153/5000,582.75,0.5827,0.4445,0.0027,0.0359,0.9977,comparison-udp/dc_oversub_10to1_TcpCubic_s43.flowmonitor
udp_burst,dc_oversub_10to1,TcpCubic,44.0,1000.0,0.009,3,49153/5000,570.99,0.571,0.4451,0.001,0.0242,0.9967,comparison-udp/dc_oversub_10to1_TcpCubic_s44.flowmonitor
udp_burst,dc_oversub_10to1,TcpNewReno,42.0,1000.0,0.009,3,49153/5000,582.09,0.5821,0.4708,0.0024,0.0331,0.9986,comparison-udp/dc_oversub_10to1_TcpNewReno_s42.flowmonitor
udp_burst,dc_oversub_10to1,TcpNewReno,43.0,1000.0,0.009,3,49153/5000,582.1,0.5821,0.4582,0.0039,0.0318,0.9965,comparison-udp/dc_oversub_10to1_TcpNewReno_s43.flowmonitor
udp_burst,dc_oversub_10to1,TcpNewReno,44.0,1000.0,0.009,3,49153/5000,574.23,0.5742,0.4735,0.0041,0.0293,0.9995,comparison-udp/dc_oversub_10to1_TcpNewReno_s44.flowmonitor
udp_burst,dc_oversub_10to1,TcpSwift,42.0,1000.0,0.009,3,49153/5000,613.85,0.6139,0.4389,0.0024,0.0233,1.0,comparison-udp/dc_oversub_10to1_TcpSwift_s42.flowmonitor
udp_burst,dc_oversub_10to1,TcpSwift,43.0,1000.0,0.009,3,49153/5000,659.21,0.6592,0.4649,0.0036,0.0286,0.9982,comparison-udp/dc_oversub_10to1_TcpSwift_s43.flowmonitor
udp_burst,dc_oversub_10to1,TcpSwift,44.0,1000.0,0.009,3,49153/5000,599.05,0.5991,0.4336,0.0011,0.0225,0.9992,comparison-udp/dc_oversub_10to1_TcpSwift_s44.flowmonitor
udp_burst,intra_rack_10g,TcpBbr,42.0,10000.0,0.004,3,49153/5000,6026.5,0.6026,0.048,0.0005,0.0218,0.9993,comparison-udp/intra_rack_10g_TcpBbr_s42.flowmonitor
udp_burst,intra_rack_10g,TcpBbr,43.0,10000.0,0.004,3,49153/5000,5879.81,0.588,0.0478,0.0005,0.0242,0.998,comparison-udp/intra_rack_10g_TcpBbr_s43.flowmonitor
udp_burst,intra_rack_10g,TcpBbr,44.0,10000.0,0.004,3,49153/5000,5729.86,0.573,0.0445,0.0005,0.0211,0.9999,comparison-udp/intra_rack_10g_TcpBbr_s44.flowmonitor
udp_burst,intra_rack_10g,TcpCubic,42.0,10000.0,0.004,3,49153/5000,5820.21,0.582,0.043,0.0005,0.0231,0.997,comparison-udp/intra_rack_10g_TcpCubic_s42.flowmonitor
udp_burst,intra_rack_10g,TcpCubic,43.0,10000.0,0.004,3,49153/5000,5915.31,0.5915,0.0504,0.0001,0.0239,0.9992,comparison-udp/intra_rack_10g_TcpCubic_s43.flowmonitor
udp_burst,intra_rack_10g,TcpCubic,44.0,10000.0,0.004,3,49153/5000,5701.9,0.5702,0.0454,0.0001,0.0291,0.9995,comparison-udp/intra_rack_10g_TcpCubic_s44.flowmonitor
udp_burst,intra_rack_10g,TcpNewReno,42.0,10000.0,0.004,3,49153/5000,5830.82,0.5831,0.0454,0.0005,0.0218,0.9999,comparison-udp/intra_rack_10g_TcpNewReno_s42.flowmonitor
udp_burst,intra_rack_10g,TcpNewReno,43.0,10000.0,0.004,3,49153/5000,5825.85,0.5826,0.0498,0.0003,0.0218,0.9993,comparison-udp/intra_rack_10g_TcpNewReno_s43.flowmonitor
udp_burst,intra_rack_10g,TcpNewReno,44.0,10000.0,0.004,3,49153/5000,5590.31,0.559,0.0425,0.0004,0.0233,0.9992,comparison-udp/intra_rack_10g_TcpNewReno_s44.flowmonitor
udp_burst,intra_rack_10g,TcpSwift,42.0,10000.0,0.004,3,49153/5000,6247.88,0.6248,0.0441,0.0005,0.0198,0.9993,comparison-udp/intra_rack_10g_TcpSwift_s42.flowmonitor
udp_burst,intra_rack_10g,TcpSwift,43.0,10000.0,0.004,3,49153/5000,6471.88,0.6472,0.049,0.0003,0.0226,0.9988,comparison-udp/intra_rack_10g_TcpSwift_s43.flowmonitor
udp_burst,intra_rack_10g,TcpSwift,44.0,10000.0,0.004,3,49153/5000,6150.1,0.615,0.0429,0.0004,0.0222,0.9999,comparison-udp/intra_rack_10g_TcpSwift_s44.flowmonitor
udp_burst,intra_rack_25g,TcpBbr,42.0,25000.0,0.004,3,49153/5000,14181.43,0.5673,0.0202,0.0001,0.0335,0.9984,comparison-udp/intra_rack_25g_TcpBbr_s42.flowmonitor
udp_burst,intra_rack_25g,TcpBbr,43.0,25000.0,0.004,3,49153/5000,14321.45,0.5729,0.0196,0.0002,0.0195,0.9988,comparison-udp/intra_rack_25g_TcpBbr_s43.flowmonitor
udp_burst,intra_rack_25g,TcpBbr,44.0,25000.0,0.004,3,49153/5000,14677.62,0.5871,0.0204,0.0,0.0269,0.9995,comparison-udp/intra_rack_25g_TcpBbr_s44.flowmonitor
udp_burst,intra_rack_25g,TcpCubic,42.0,25000.0,0.004,3,49153/5000,14083.08,0.5633,0.0203,0.0001,0.0264,0.9996,comparison-udp/intra_rack_25g_TcpCubic_s42.flowmonitor
udp_burst,intra_rack_25g,TcpCubic,43.0,25000.0,0.004,3,49153/5000,14987.0,0.5995,0.0226,0.0001,0.0395,0.9997,comparison-udp/intra_rack_25g_TcpCubic_s43.flowmonitor
udp_burst,intra_rack_25g,TcpCubic,44.0,25000.0,0.004,3,49153/5000,14759.25,0.5904,0.021,0.0002,0.0315,0.9999,comparison-udp/intra_rack_25g_TcpCubic_s44.flowmonitor
udp_burst,intra_rack_25g,TcpNewReno,42.0,25000.0,0.004,3,49153/5000,13908.7,0.5563,0.02,0.0001,0.0221,0.9999,comparison-udp/intra_rack_25g_TcpNewReno_s42.flowmonitor
udp_burst,intra_rack_25g,TcpNewReno,43.0,25000.0,0.004,3,49153/5000,14975.45,0.599,0.0235,0.0002,0.0345,0.9998,comparison-udp/intra_rack_25g_TcpNewReno_s43.flowmonitor
udp_burst,intra_rack_25g,TcpNewReno,44.0,25000.0,0.004,3,49153/5000,14091.75,0.5637,0.0193,0.0002,0.0231,0.9995,comparison-udp/intra_rack_25g_TcpNewReno_s44.flowmonitor
udp_burst,intra_rack_25g,TcpSwift,42.0,25000.0,0.004,3,49153/5000,14629.52,0.5852,0.0199,0.0001,0.0278,0.9997,comparison-udp/intra_rack_25g_TcpSwift_s42.flowmonitor
udp_burst,intra_rack_25g,TcpSwift,43.0,25000.0,0.004,3,49153/5000,15649.58,0.626,0.0218,0.0002,0.0328,0.9988,comparison-udp/intra_rack_25g_TcpSwift_s43.flowmonitor
udp_burst,intra_rack_25g,TcpSwift,44.0,25000.0,0.004,3,49153/5000,15957.99,0.6383,0.0198,0.0002,0.0248,0.9998,comparison-udp/intra_rack_25g_TcpSwift_s44.flowmonitor
udp_burst,leaf_spine_20g,TcpBbr,42.0,20000.0,0.009,3,49153/5000,11262.7,0.5631,0.0275,0.0003,0.0255,0.9988,comparison-udp/leaf_spine_20g_TcpBbr_s42.flowmonitor
udp_burst,leaf_spine_20g,TcpBbr,43.0,20000.0,0.009,3,49153/5000,11971.98,0.5986,0.0312,0.0003,0.0334,0.9999,comparison-udp/leaf_spine_20g_TcpBbr_s43.flowmonitor
udp_burst,leaf_spine_20g,TcpBbr,44.0,20000.0,0.009,3,49153/5000,11598.89,0.5799,0.0296,0.0003,0.0217,0.9993,comparison-udp/leaf_spine_20g_TcpBbr_s44.flowmonitor
udp_burst,leaf_spine_20g,TcpCubic,42.0,20000.0,0.009,3,49153/5000,12120.8,0.606,0.0335,0.0003,0.0306,0.9974,comparison-udp/leaf_spine_20g_TcpCubic_s42.flowmonitor
udp_burst,leaf_spine_20g,TcpCubic,43.0,20000.0,0.009,3,49153/5000,12192.02,0.6096,0.0332,0.0002,0.0427,0.9998,comparison-udp/leaf_spine_20g_TcpCubic_s43.flowmonitor
udp_burst,leaf_spine_20g,TcpCubic,44.0,20000.0,0.009,3,49153/5000,11667.44,0.5834,0.0293,0.0003,0.025,0.9997,comparison-udp/leaf_spine_20g_TcpCubic_s44.flowmonitor
udp_burst,leaf_spine_20g,TcpNewReno,42.0,20000.0,0.009,3,49153/5000,11341.73,0.5671,0.0296,0.0001,0.0268,0.9997,comparison-udp/leaf_spine_20g_TcpNewReno_s42.flowmonitor
udp_burst,leaf_spine_20g,TcpNewReno,43.0,20000.0,0.009,3,49153/5000,11474.99,0.5737,0.0301,0.0001,0.0233,0.9997,comparison-udp/leaf_spine_20g_TcpNewReno_s43.flowmonitor
udp_burst,leaf_spine_20g,TcpNewReno,44.0,20000.0,0.009,3,49153/5000,11461.11,0.5731,0.029,0.0003,0.0255,0.9988,comparison-udp/leaf_spine_20g_TcpNewReno_s44.flowmonitor
udp_burst,leaf_spine_20g,TcpSwift,42.0,20000.0,0.009,3,49153/5000,13116.45,0.6558,0.0289,0.0003,0.0266,0.9998,comparison-udp/leaf_spine_20g_TcpSwift_s42.flowmonitor
udp_burst,leaf_spine_20g,TcpSwift,43.0,20000.0,0.009,3,49153/5000,13091.29,0.6546,0.0301,0.0002,0.0333,0.9998,comparison-udp/leaf_spine_20g_TcpSwift_s43.flowmonitor
udp_burst,leaf_spine_20g,TcpSwift,44.0,20000.0,0.009,3,49153/5000,12156.65,0.6078,0.0297,0.0003,0.0221,0.9998,comparison-udp/leaf_spine_20g_TcpSwift_s44.flowmonitor
udp_burst,leaf_spine_50g,TcpBbr,42.0,50000.0,0.009,3,49153/5000,28556.36,0.5711,0.0172,0.0002,0.0277,0.9996,comparison-udp/leaf_spine_50g_TcpBbr_s42.flowmonitor
udp_burst,leaf_spine_50g,TcpBbr,43.0,50000.0,0.009,3,49153/5000,29157.19,0.5831,0.0173,0.0001,0.0341,1.0,comparison-udp/leaf_spine_50g_TcpBbr_s43.flowmonitor
udp_burst,leaf_spine_50g,TcpBbr,44.0,50000.0,0.009,3,49153/5000,28634.48,0.5727,0.0169,0.0002,0.0185,0.9999,comparison-udp/leaf_spine_50g_TcpBbr_s44.flowmonitor
udp_burst,leaf_spine_50g,TcpCubic,42.0,50000.0,0.009,3,49153/5000,28697.21,0.5739,0.0178,0.0002,0.0291,0.9995,comparison-udp/leaf_spine_50g_TcpCubic_s42.flowmonitor
udp_burst,leaf_spine_50g,TcpCubic,43.0,50000.0,0.009,3,49153/5000,29746.32,0.5949,0.0187,0.0002,0.0258,0.9999,comparison-udp/leaf_spine_50g_TcpCubic_s43.flowmonitor
udp_burst,leaf_spine_50g,TcpCubic,44.0,50000.0,0.009,3,49153/5000,28257.34,0.5651,0.0168,0.0,0.023,0.9995,comparison-udp/leaf_spine_50g_TcpCubic_s44.flowmonitor
udp_burst,leaf_spine_50g,TcpNewReno,42.0,50000.0,0.009,3,49153/5000,27534.96,0.5507,0.0164,0.0001,0.0232,0.9995,comparison-udp/leaf_spine_50g_TcpNewReno_s42.flowmonitor
udp_burst,leaf_spine_50g,TcpNewReno,43.0,50000.0,0.009,3,49153/5000,28616.11,0.5723,0.0185,0.0001,0.0222,0.9998,comparison-udp/leaf_spine_50g_TcpNewReno_s43.flowmonitor
udp_burst,leaf_spine_50g,TcpNewReno,44.0,50000.0,0.009,3,49153/5000,27851.66,0.557,0.0166,0.0001,0.0158,0.9986,comparison-udp/leaf_spine_50g_TcpNewReno_s44.flowmonitor
udp_burst,leaf_spine_50g,TcpSwift,42.0,50000.0,0.009,3,49153/5000,31831.36,0.6366,0.0166,0.0001,0.0292,0.9996,comparison-udp/leaf_spine_50g_TcpSwift_s42.flowmonitor
udp_burst,leaf_spine_50g,TcpSwift,43.0,50000.0,0.009,3,49153/5000,31265.25,0.6253,0.0178,0.0001,0.0247,0.9996,comparison-udp/leaf_spine_50g_TcpSwift_s43.flowmonitor
udp_burst,leaf_spine_50g,TcpSwift,44.0,50000.0,0.009,3,49153/5000,30695.06,0.6139,0.0163,0.0001,0.0153,0.9995,comparison-udp/leaf_spine_50g_TcpSwift_s44.flowmonitor
udp_burst,lte_good,TcpBbr,42.0,50.0,30.0,3,49153/5000,27.29,0.5458,38.5181,0.5493,0.0239,0.9873,comparison-udp/lte_good_TcpBbr_s42.flowmonitor
udp_burst,lte_good,TcpBbr,43.0,50.0,30.0,3,49153/5000,27.3,0.5461,38.3209,0.2088,0.0325,0.9957,comparison-udp/lte_good_TcpBbr_s43.flowmonitor
udp_burst,lte_good,TcpBbr,44.0,50.0,30.0,3,49153/5000,28.9,0.578,39.2203,0.1999,0.0307,1.0,comparison-udp/lte_good_TcpBbr_s44.flowmonitor
udp_burst,lte_good,TcpCubic,42.0,50.0,30.0,3,49153/5000,28.77,0.5755,40.6586,0.6098,0.037,0.9992,comparison-udp/lte_good_TcpCubic_s42.flowmonitor
udp_burst,lte_good,TcpCubic,43.0,50.0,30.0,3,49153/5000,28.25,0.5649,40.1273,0.1409,0.0251,0.9936,comparison-udp/lte_good_TcpCubic_s43.flowmonitor
udp_burst,lte_good,TcpCubic,44.0,50.0,30.0,3,49153/5000,29.28,0.5856,40.2308,0.4845,0.0424,0.9954,comparison-udp/lte_good_TcpCubic_s44.flowmonitor
udp_burst,lte_good,TcpNewReno,42.0,50.0,30.0,3,49153/5000,27.74,0.5549,40.8499,0.5749,0.0277,0.9994,comparison-udp/lte_good_TcpNewReno_s42.flowmonitor
udp_burst,lte_good,TcpNewReno,43.0,50.0,30.0,3,49153/5000,27.34,0.5469,38.6145,0.223,0.026,0.9997,comparison-udp/lte_good_TcpNewReno_s43.flowmonitor
udp_burst,lte_good,TcpNewReno,44.0,50.0,30.0,3,49153/5000,28.78,0.5756,41.2431,0.4821,0.0247,0.9998,comparison-udp/lte_good_TcpNewReno_s44.flowmonitor
udp_burst,lte_good,TcpSwift,42.0,50.0,30.0,3,49153/5000,30.17,0.6034,39.3433,0.5209,0.0255,0.999,comparison-udp/lte_good_TcpSwift_s42.flowmonitor
udp_burst,lte_good,TcpSwift,43.0,50.0,30.0,3,49153/5000,30.05,0.601,38.5755,0.2167,0.0276,0.9992,comparison-udp/lte_good_TcpSwift_s43.flowmonitor
udp_burst,lte_good,TcpSwift,44.0,50.0,30.0,3,49153/5000,32.38,0.6476,39.1127,0.4516,0.0274,0.9989,comparison-udp/lte_good_TcpSwift_s44.flowmonitor
udp_burst,lte_poor,TcpBbr,42.0,10.0,70.0,3,49153/5000,5.74,0.5741,113.5234,1.1167,0.0309,0.9992,comparison-udp/lte_poor_TcpBbr_s42.flowmonitor
udp_burst,lte_poor,TcpBbr,43.0,10.0,70.0,3,49153/5000,5.24,0.5243,106.652,0.9735,0.0226,0.9965,comparison-udp/lte_poor_TcpBbr_s43.flowmonitor
udp_burst,lte_poor,TcpBbr,44.0,10.0,70.0,3,49153/5000,5.49,0.5495,116.9393,1.6826,0.0323,0.9952,comparison-udp/lte_poor_TcpBbr_s44.flowmonitor
udp_burst,lte_poor,TcpCubic,42.0,10.0,70.0,3,49153/5000,5.73,0.5731,116.8959,0.7192,0.031,0.9997,comparison-udp/lte_poor_TcpCubic_s42.flowmonitor
udp_burst,lte_poor,TcpCubic,43.0,10.0,70.0,3,49153/5000,5.51,0.5505,116.1775,0.311,0.0323,0.9964,comparison-udp/lte_poor_TcpCubic_s43.flowmonitor
udp_burst,lte_poor,TcpCubic,44.0,10.0,70.0,3,49153/5000,5.53,0.5533,114.3672,1.0274,0.0321,0.9986,comparison-udp/lte_poor_TcpCubic_s44.flowmonitor
udp_burst,lte_poor,TcpNewReno,42.0,10.0,70.0,3,49153/5000,5.5,0.5504,114.7205,1.2564,0.0323,0.9995,comparison-udp/lte_poor_TcpNewReno_s42.flowmonitor
udp_burst,lte_poor,TcpNewReno,43.0,10.0,70.0,3,49153/5000,5.2,0.52,109.3852,1.1282,0.0341,0.9929,comparison-udp/lte_poor_TcpNewReno_s43.flowmonitor
udp_burst,lte_poor,TcpNewReno,44.0,10.0,70.0,3,49153/5000,5.52,0.552,118.3053,1.0399,0.0322,0.9896,comparison-udp/lte_poor_TcpNewReno_s44.flowmonitor
udp_burst,lte_poor,TcpSwift,42.0,10.0,70.0,3,49153/5000,6.05,0.605,111.6564,1.0766,0.0293,0.9993,comparison-udp/lte_poor_TcpSwift_s42.flowmonitor
udp_burst,lte_poor,TcpSwift,43.0,10.0,70.0,3,49153/5000,5.67,0.5666,111.3856,1.0198,0.0313,0.999,comparison-udp/lte_poor_TcpSwift_s43.flowmonitor
udp_burst,lte_poor,TcpSwift,44.0,10.0,70.0,3,49153/5000,5.89,0.5895,114.7382,1.038,0.0301,0.9979,comparison-udp/lte_poor_TcpSwift_s44.flowmonitor
udp_burst,mixed_large_flow,TcpBbr,42.0,12500.0,0.014,3,49153/5000,7501.63,0.6001,0.05,0.0006,0.0338,0.9997,comparison-udp/mixed_large_flow_TcpBbr_s42.flowmonitor
udp_burst,mixed_large_flow,TcpBbr,43.0,12500.0,0.014,3,49153/5000,7435.37,0.5948,0.0499,0.0004,0.0314,0.9995,comparison-udp/mixed_large_flow_TcpBbr_s43.flowmonitor
udp_burst,mixed_large_flow,TcpBbr,44.0,12500.0,0.014,3,49153/5000,7187.93,0.575,0.0438,0.0002,0.0223,0.9987,comparison-udp/mixed_large_flow_TcpBbr_s44.flowmonitor
udp_burst,mixed_large_flow,TcpCubic,42.0,12500.0,0.014,3,49153/5000,7477.13,0.5982,0.049,0.0002,0.0295,0.9992,comparison-udp/mixed_large_flow_TcpCubic_s42.flowmonitor
udp_burst,mixed_large_flow,TcpCubic,43.0,12500.0,0.014,3,49153/5000,7329.62,0.5864,0.0499,0.0006,0.0268,0.9997,comparison-udp/mixed_large_flow_TcpCubic_s43.flowmonitor
udp_burst,mixed_large_flow,TcpCubic,44.0,12500.0,0.014,3,49153/5000,7265.97,0.5813,0.0454,0.0001,0.021,0.9992,comparison-udp/mixed_large_flow_TcpCubic_s44.flowmonitor
udp_burst,mixed_large_flow,TcpNewReno,42.0,12500.0,0.014,3,49153/5000,7219.15,0.5775,0.0475,0.0001,0.0264,0.9987,comparison-udp/mixed_large_flow_TcpNewReno_s42.flowmonitor
udp_burst,mixed_large_flow,TcpNewReno,43.0,12500.0,0.014,3,49153/5000,7111.74,0.5689,0.0471,0.0005,0.021,0.9992,comparison-udp/mixed_large_flow_TcpNewReno_s43.flowmonitor
udp_burst,mixed_large_flow,TcpNewReno,44.0,12500.0,0.014,3,49153/5000,7156.91,0.5726,0.0467,0.0005,0.017,0.9992,comparison-udp/mixed_large_flow_TcpNewReno_s44.flowmonitor
udp_burst,mixed_large_flow,TcpSwift,42.0,12500.0,0.014,3,49153/5000,8207.87,0.6566,0.0474,0.0002,0.0263,0.9996,comparison-udp/mixed_large_flow_TcpSwift_s42.flowmonitor
udp_burst,mixed_large_flow,TcpSwift,43.0,12500.0,0.014,3,49153/5000,7596.68,0.6077,0.0498,0.0005,0.0273,0.9999,comparison-udp/mixed_large_flow_TcpSwift_s43.flowmonitor
udp_burst,mixed_large_flow,TcpSwift,44.0,12500.0,0.014,3,49153/5000,7604.74,0.6084,0.0443,0.0002,0.0204,0.999,comparison-udp/mixed_large_flow_TcpSwift_s44.flowmonitor
udp_burst,mixed_small_flow,TcpBbr,42.0,2000.0,0.014,3,49153/5000,1114.4,0.5572,0.2059,0.0023,0.0167,0.9998,comparison-udp/mixed_small_flow_TcpBbr_s42.flowmonitor
udp_burst,mixed_small_flow,TcpBbr,43.0,2000.0,0.014,3,49153/5000,1175.08,0.5875,0.2488,0.0032,0.0305,0.9992,comparison-udp/mixed_small_flow_TcpBbr_s43.flowmonitor
udp_burst,mixed_small_flow,TcpBbr,44.0,2000.0,0.014,3,49153/5000,1159.47,0.5797,0.2173,0.0015,0.0229,0.9991,comparison-udp/mixed_small_flow_TcpBbr_s44.flowmonitor
udp_burst,mixed_small_flow,TcpCubic,42.0,2000.0,0.014,3,49153/5000,1143.13,0.5716,0.2241,0.0028,0.0316,0.9999,comparison-udp/mixed_small_flow_TcpCubic_s42.flowmonitor
udp_burst,mixed_small_flow,TcpCubic,43.0,2000.0,0.014,3,49153/5000,1185.16,0.5926,0.2522,0.0032,0.036,0.9998,comparison-udp/mixed_small_flow_TcpCubic_s43.flowmonitor
udp_burst,mixed_small_flow,TcpCubic,44.0,2000.0,0.014,3,49153/5000,1197.91,0.599,0.2561,0.003,0.031,0.999,comparison-udp/mixed_small_flow_TcpCubic_s44.flowmonitor
udp_burst,mixed_small_flow,TcpNewReno,42.0,2000.0,0.014,3,49153/5000,1074.74,0.5374,0.1899,0.0018,0.0162,0.9996,comparison-udp/mixed_small_flow_TcpNewReno_s42.flowmonitor
udp_burst,mixed_small_flow,TcpNewReno,43.0,2000.0,0.014,3,49153/5000,1141.95,0.571,0.2295,0.0026,0.0292,0.9995,comparison-udp/mixed_small_flow_TcpNewReno_s43.flowmonitor
udp_burst,mixed_small_flow,TcpNewReno,44.0,2000.0,0.014,3,49153/5000,1149.78,0.5749,0.2273,0.0029,0.022,0.9997,comparison-udp/mixed_small_flow_TcpNewReno_s44.flowmonitor
udp_burst,mixed_small_flow,TcpSwift,42.0,2000.0,0.014,3,49153/5000,1254.87,0.6274,0.2078,0.0021,0.015,0.9995,comparison-udp/mixed_small_flow_TcpSwift_s42.flowmonitor
udp_burst,mixed_small_flow,TcpSwift,43.0,2000.0,0.014,3,49153/5000,1288.69,0.6443,0.2488,0.0032,0.0288,0.9995,comparison-udp/mixed_small_flow_TcpSwift_s43.flowmonitor
udp_burst,mixed_small_flow,TcpSwift,44.0,2000.0,0.014,3,49153/5000,1228.4,0.6142,0.2285,0.003,0.0202,0.9992,comparison-udp/mixed_small_flow_TcpSwift_s44.flowmonitor
udp_burst,nr_5g_edge,TcpBbr,42.0,100.0,14.0,3,49153/5000,55.05,0.5505,17.7144,0.0999,0.0269,0.9951,comparison-udp/nr_5g_edge_TcpBbr_s42.flowmonitor
udp_burst,nr_5g_edge,TcpBbr,43.0,100.0,14.0,3,49153/5000,56.97,0.5697,18.6192,0.2205,0.0291,0.9976,comparison-udp/nr_5g_edge_TcpBbr_s43.flowmonitor
udp_burst,nr_5g_edge,TcpBbr,44.0,100.0,14.0,3,49153/5000,55.42,0.5542,17.8754,0.0941,0.0235,0.9971,comparison-udp/nr_5g_edge_TcpBbr_s44.flowmonitor
udp_burst,nr_5g_edge,TcpCubic,42.0,100.0,14.0,3,49153/5000,57.17,0.5717,18.4536,0.0496,0.0259,0.9983,comparison-udp/nr_5g_edge_TcpCubic_s42.flowmonitor
udp_burst,nr_5g_edge,TcpCubic,43.0,100.0,14.0,3,49153/5000,56.29,0.5629,18.5453,0.2248,0.0315,0.9979,comparison-udp/nr_5g_edge_TcpCubic_s43.flowmonitor
udp_burst,nr_5g_edge,TcpCubic,44.0,100.0,14.0,3,49153/5000,56.5,0.565,18.6821,0.2744,0.0241,0.9944,comparison-udp/nr_5g_edge_TcpCubic_s44.flowmonitor
udp_burst,nr_5g_edge,TcpNewReno,42.0,100.0,14.0,3,49153/5000,56.03,0.5603,18.9175,0.2084,0.0296,0.9995,comparison-udp/nr_5g_edge_TcpNewReno_s42.flowmonitor
udp_burst,nr_5g_edge,TcpNewReno,43.0,100.0,14.0,3,49153/5000,55.36,0.5536,19.0158,0.155,0.0267,0.9964,comparison-udp/nr_5g_edge_TcpNewReno_s43.flowmonitor
udp_burst,nr_5g_edge,TcpNewReno,44.0,100.0,14.0,3,49153/5000,56.37,0.5637,19.5987,0.2575,0.0231,0.9994,comparison-udp/nr_5g_edge_TcpNewReno_s44.flowmonitor
udp_burst,nr_5g_edge,TcpSwift,42.0,100.0,14.0,3,49153/5000,60.35,0.6035,18.4942,0.1026,0.0245,0.9998,comparison-udp/nr_5g_edge_TcpSwift_s42.flowmonitor
udp_burst,nr_5g_edge,TcpSwift,43.0,100.0,14.0,3,49153/5000,63.18,0.6318,18.812,0.2027,0.0272,0.9993,comparison-udp/nr_5g_edge_TcpSwift_s43.flowmonitor
udp_burst,nr_5g_edge,TcpSwift,44.0,100.0,14.0,3,49153/5000,61.03,0.6103,18.0114,0.2502,0.0204,0.9998,comparison-udp/nr_5g_edge_TcpSwift_s44.flowmonitor
udp_burst,nr_5g_embb,TcpBbr,42.0,500.0,7.0,3,49153/5000,282.75,0.5655,7.7091,0.0332,0.0245,0.9976,comparison-udp/nr_5g_embb_TcpBbr_s42.flowmonitor
udp_burst,nr_5g_embb,TcpBbr,43.0,500.0,7.0,3,49153/5000,272.86,0.5457,7.5648,0.0809,0.023,0.9941,comparison-udp/nr_5g_embb_TcpBbr_s43.flowmonitor
udp_burst,nr_5g_embb,TcpBbr,44.0,500.0,7.0,3,49153/5000,288.67,0.5773,7.9432,0.0553,0.034,0.9963,comparison-udp/nr_5g_embb_TcpBbr_s44.flowmonitor
udp_burst,nr_5g_embb,TcpCubic,42.0,500.0,7.0,3,49153/5000,277.63,0.5553,7.7868,0.0347,0.0245,0.9977,comparison-udp/nr_5g_embb_TcpCubic_s42.flowmonitor
udp_burst,nr_5g_embb,TcpCubic,43.0,500.0,7.0,3,49153/5000,276.98,0.554,7.8734,0.0694,0.0216,0.9951,comparison-udp/nr_5g_embb_TcpCubic_s43.flowmonitor
udp_burst,nr_5g_embb,TcpCubic,44.0,500.0,7.0,3,49153/5000,295.97,0.5919,8.1733,0.0546,0.04,0.9953,comparison-udp/nr_5g_embb_TcpCubic_s44.flowmonitor
udp_burst,nr_5g_embb,TcpNewReno,42.0,500.0,7.0,3,49153/5000,277.62,0.5552,8.3339,0.1165,0.0264,0.998,comparison-udp/nr_5g_embb_TcpNewReno_s42.flowmonitor
udp_burst,nr_5g_embb,TcpNewReno,43.0,500.0,7.0,3,49153/5000,269.49,0.539,8.2953,0.0562,0.0204,0.9979,comparison-udp/nr_5g_embb_TcpNewReno_s43.flowmonitor
udp_burst,nr_5g_embb,TcpNewReno,44.0,500.0,7.0,3,49153/5000,277.59,0.5552,7.9262,0.0809,0.0192,0.9989,comparison-udp/nr_5g_embb_TcpNewReno_s44.flowmonitor
udp_burst,nr_5g_embb,TcpSwift,42.0,500.0,7.0,3,49153/5000,305.34,0.6107,7.8443,0.0344,0.0217,0.9992,comparison-udp/nr_5g_embb_TcpSwift_s42.flowmonitor
udp_burst,nr_5g_embb,TcpSwift,43.0,500.0,7.0,3,49153/5000,284.02,0.568,7.7994,0.0639,0.021,0.9991,comparison-udp/nr_5g_embb_TcpSwift_s43.flowmonitor
udp_burst,nr_5g_embb,TcpSwift,44.0,500.0,7.0,3,49153/5000,311.42,0.6228,7.8948,0.0568,0.0314,0.9972,comparison-udp/nr_5g_embb_TcpSwift_s44.flowmonitor
udp_burst,oversub_2to1_25g,TcpBbr,42.0,12500.0,0.009,3,49153/5000,7442.12,0.5954,0.0441,0.0005,0.0373,0.9983,comparison-udp/oversub_2to1_25g_TcpBbr_s42.flowmonitor
udp_burst,oversub_2to1_25g,TcpBbr,43.0,12500.0,0.009,3,49153/5000,7223.61,0.5779,0.0423,0.0005,0.024,0.9973,comparison-udp/oversub_2to1_25g_TcpBbr_s43.flowmonitor
udp_burst,oversub_2to1_25g,TcpBbr,44.0,12500.0,0.009,3,49153/5000,7020.08,0.5616,0.0415,0.0001,0.0176,0.9991,comparison-udp/oversub_2to1_25g_TcpBbr_s44.flowmonitor
udp_burst,oversub_2to1_25g,TcpCubic,42.0,12500.0,0.009,3,49153/5000,7474.7,0.598,0.0466,0.0005,0.034,0.9995,comparison-udp/oversub_2to1_25g_TcpCubic_s42.flowmonitor
udp_burst,oversub_2to1_25g,TcpCubic,43.0,12500.0,0.009,3,49153/5000,7582.2,0.6066,0.0481,0.0002,0.028,0.9992,comparison-udp/oversub_2to1_25g_TcpCubic_s43.flowmonitor
udp_burst,oversub_2to1_25g,TcpCubic,44.0,12500.0,0.009,3,49153/5000,7034.97,0.5628,0.0423,0.0005,0.0211,0.9993,comparison-udp/oversub_2to1_25g_TcpCubic_s44.flowmonitor
udp_burst,oversub_2to1_25g,TcpNewReno,42.0,12500.0,0.009,3,49153/5000,7235.61,0.5788,0.0434,0.0004,0.027,0.9965,comparison-udp/oversub_2to1_25g_TcpNewReno_s42.flowmonitor
udp_burst,oversub_2to1_25g,TcpNewReno,43.0,12500.0,0.009,3,49153/5000,7132.5,0.5706,0.0427,0.0004,0.0237,0.9992,comparison-udp/oversub_2to1_25g_TcpNewReno_s43.flowmonitor
udp_burst,oversub_2to1_25g,TcpNewReno,44.0,12500.0,0.009,3,49153/5000,7084.34,0.5667,0.0424,0.0002,0.0302,0.9965,comparison-udp/oversub_2to1_25g_TcpNewReno_s44.flowmonitor
udp_burst,oversub_2to1_25g,TcpSwift,42.0,12500.0,0.009,3,49153/5000,8123.84,0.6499,0.0447,0.0004,0.0358,0.9999,comparison-udp/oversub_2to1_25g_TcpSwift_s42.flowmonitor
udp_burst,oversub_2to1_25g,TcpSwift,43.0,12500.0,0.009,3,49153/5000,8170.49,0.6536,0.0423,0.0004,0.0219,0.9994,comparison-udp/oversub_2to1_25g_TcpSwift_s43.flowmonitor
udp_burst,oversub_2to1_25g,TcpSwift,44.0,12500.0,0.009,3,49153/5000,7527.9,0.6022,0.0415,0.0002,0.0201,0.9988,comparison-udp/oversub_2to1_25g_TcpSwift_s44.flowmonitor
udp_burst,oversub_2to1_50g,TcpBbr,42.0,25000.0,0.009,3,49153/5000,14323.29,0.5729,0.0258,0.0001,0.0281,0.9995,comparison-udp/oversub_2to1_50g_TcpBbr_s42.flowmonitor
udp_burst,oversub_2to1_50g,TcpBbr,43.0,25000.0,0.009,3,49153/5000,14362.2,0.5745,0.0258,0.0001,0.0273,0.9974,comparison-udp/oversub_2to1_50g_TcpBbr_s43.flowmonitor
udp_burst,oversub_2to1_50g,TcpBbr,44.0,25000.0,0.009,3,49153/5000,14654.98,0.5862,0.0278,0.0003,0.0308,0.9998,comparison-udp/oversub_2to1_50g_TcpBbr_s44.flowmonitor
udp_burst,oversub_2to1_50g,TcpCubic,42.0,25000.0,0.009,3,49153/5000,14529.59,0.5812,0.0277,0.0002,0.0279,0.9995,comparison-udp/oversub_2to1_50g_TcpCubic_s42.flowmonitor
udp_burst,oversub_2to1_50g,TcpCubic,43.0,25000.0,0.009,3,49153/5000,14556.27,0.5823,0.0273,0.0003,0.0254,0.9997,comparison-udp/oversub_2to1_50g_TcpCubic_s43.flowmonitor
udp_burst,oversub_2to1_50g,TcpCubic,44.0,25000.0,0.009,3,49153/5000,14399.71,0.576,0.0271,0.0001,0.0241,0.9996,comparison-udp/oversub_2to1_50g_TcpCubic_s44.flowmonitor
udp_burst,oversub_2to1_50g,TcpNewReno,42.0,25000.0,0.009,3,49153/5000,14113.06,0.5645,0.0256,0.0002,0.0231,0.9996,comparison-udp/oversub_2to1_50g_TcpNewReno_s42.flowmonitor
udp_burst,oversub_2to1_50g,TcpNewReno,43.0,25000.0,0.009,3,49153/5000,14122.67,0.5649,0.0262,0.0003,0.0232,0.9976,comparison-udp/oversub_2to1_50g_TcpNewReno_s43.flowmonitor
udp_burst,oversub_2to1_50g,TcpNewReno,44.0,25000.0,0.009,3,49153/5000,14549.22,0.582,0.0283,0.0004,0.0331,0.9997,comparison-udp/oversub_2to1_50g_TcpNewReno_s44.flowmonitor
udp_burst,oversub_2to1_50g,TcpSwift,42.0,25000.0,0.009,3,49153/5000,15305.8,0.6122,0.0263,0.0003,0.0258,0.9995,comparison-udp/oversub_2to1_50g_TcpSwift_s42.flowmonitor
udp_burst,oversub_2to1_50g,TcpSwift,43.0,25000.0,0.009,3,49153/5000,15108.36,0.6043,0.0261,0.0003,0.0234,0.9995,comparison-udp/oversub_2to1_50g_TcpSwift_s43.flowmonitor
udp_burst,oversub_2to1_50g,TcpSwift,44.0,25000.0,0.009,3,49153/5000,15517.83,0.6207,0.0269,0.0003,0.0311,0.9995,comparison-udp/oversub_2to1_50g_TcpSwift_s44.flowmonitor
udp_burst,oversub_4to1_10g,TcpBbr,42.0,2500.0,0.009,3,49153/5000,1519.22,0.6077,0.201,0.0024,0.0353,0.999,comparison-udp/oversub_4to1_10g_TcpBbr_s42.flowmonitor
udp_burst,oversub_4to1_10g,TcpBbr,43.0,2500.0,0.009,3,49153/5000,1469.63,0.5879,0.1929,0.0006,0.035,0.999,comparison-udp/oversub_4to1_10g_TcpBbr_s43.flowmonitor
udp_burst,oversub_4to1_10g,TcpBbr,44.0,2500.0,0.009,3,49153/5000,1450.03,0.58,0.1755,0.0005,0.0264,0.999,comparison-udp/oversub_4to1_10g_TcpBbr_s44.flowmonitor
udp_burst,oversub_4to1_10g,TcpCubic,42.0,2500.0,0.009,3,49153/5000,1519.55,0.6078,0.2076,0.0013,0.0412,0.9995,comparison-udp/oversub_4to1_10g_TcpCubic_s42.flowmonitor
udp_burst,oversub_4to1_10g,TcpCubic,43.0,2500.0,0.009,3,49153/5000,1474.88,0.59,0.1984,0.0025,0.0336,0.9997,comparison-udp/oversub_4to1_10g_TcpCubic_s43.flowmonitor
udp_burst,oversub_4to1_10g,TcpCubic,44.0,2500.0,0.009,3,49153/5000,1510.66,0.6043,0.195,0.0018,0.0366,0.999,comparison-udp/oversub_4to1_10g_TcpCubic_s44.flowmonitor
udp_burst,oversub_4to1_10g,TcpNewReno,42.0,2500.0,0.009,3,49153/5000,1507.87,0.6031,0.2114,0.0024,0.0274,0.9999,comparison-udp/oversub_4to1_10g_TcpNewReno_s42.flowmonitor
udp_burst,oversub_4to1_10g,TcpNewReno,43.0,2500.0,0.009,3,49153/5000,1413.11,0.5652,0.1784,0.0017,0.0311,0.9993,comparison-udp/oversub_4to1_10g_TcpNewReno_s43.flowmonitor
udp_burst,oversub_4to1_10g,TcpNewReno,44.0,2500.0,0.009,3,49153/5000,1458.28,0.5833,0.1788,0.002,0.0227,0.9979,comparison-udp/oversub_4to1_10g_TcpNewReno_s44.flowmonitor
udp_burst,oversub_4to1_10g,TcpSwift,42.0,2500.0,0.009,3,49153/5000,1612.5,0.645,0.2085,0.0024,0.0333,0.9996,comparison-udp/oversub_4to1_10g_TcpSwift_s42.flowmonitor
udp_burst,oversub_4to1_10g,TcpSwift,43.0,2500.0,0.009,3,49153/5000,1604.58,0.6418,0.1853,0.0016,0.0343,0.9994,comparison-udp/oversub_4to1_10g_TcpSwift_s43.flowmonitor
udp_burst,oversub_4to1_10g,TcpSwift,44.0,2500.0,0.009,3,49153/5000,1642.02,0.6568,0.1718,0.0017,0.0229,0.9996,comparison-udp/oversub_4to1_10g_TcpSwift_s44.flowmonitor
udp_burst,oversub_4to1_40g,TcpBbr,42.0,10000.0,0.009,3,49153/5000,5590.67,0.5591,0.0452,0.0001,0.0233,0.9997,comparison-udp/oversub_4to1_40g_TcpBbr_s42.flowmonitor
udp_burst,oversub_4to1_40g,TcpBbr,43.0,10000.0,0.009,3,49153/5000,5733.13,0.5733,0.0489,0.0004,0.0281,0.9997,comparison-udp/oversub_4to1_40g_TcpBbr_s43.flowmonitor
udp_burst,oversub_4to1_40g,TcpBbr,44.0,10000.0,0.009,3,49153/5000,5894.62,0.5895,0.0511,0.0001,0.0218,0.9996,comparison-udp/oversub_4to1_40g_TcpBbr_s44.flowmonitor
udp_burst,oversub_4to1_40g,TcpCubic,42.0,10000.0,0.009,3,49153/5000,5764.33,0.5764,0.0492,0.0003,0.0175,0.9992,comparison-udp/oversub_4to1_40g_TcpCubic_s42.flowmonitor
udp_burst,oversub_4to1_40g,TcpCubic,43.0,10000.0,0.009,3,49153/5000,5876.32,0.5876,0.0526,0.0007,0.0281,0.9998,comparison-udp/oversub_4to1_40g_TcpCubic_s43.flowmonitor
udp_burst,oversub_4to1_40g,TcpCubic,44.0,10000.0,0.009,3,49153/5000,6012.34,0.6012,0.0546,0.0002,0.0346,0.9993,comparison-udp/oversub_4to1_40g_TcpCubic_s44.flowmonitor
udp_burst,oversub_4to1_40g,TcpNewReno,42.0,10000.0,0.009,3,49153/5000,5609.37,0.5609,0.0469,0.0006,0.0261,0.9988,comparison-udp/oversub_4to1_40g_TcpNewReno_s42.flowmonitor
udp_burst,oversub_4to1_40g,TcpNewReno,43.0,10000.0,0.009,3,49153/5000,5599.63,0.56,0.0484,0.0004,0.017,0.9999,comparison-udp/oversub_4to1_40g_TcpNewReno_s43.flowmonitor
udp_burst,oversub_4to1_40g,TcpNewReno,44.0,10000.0,0.009,3,49153/5000,5682.68,0.5683,0.0478,0.0004,0.0287,0.9985,comparison-udp/oversub_4to1_40g_TcpNewReno_s44.flowmonitor
udp_burst,oversub_4to1_40g,TcpSwift,42.0,10000.0,0.009,3,49153/5000,6333.24,0.6333,0.0477,0.0003,0.0203,0.9996,comparison-udp/oversub_4to1_40g_TcpSwift_s42.flowmonitor
udp_burst,oversub_4to1_40g,TcpSwift,43.0,10000.0,0.009,3,49153/5000,6317.32,0.6317,0.0488,0.0004,0.0304,0.9997,comparison-udp/oversub_4to1_40g_TcpSwift_s43.flowmonitor
udp_burst,oversub_4to1_40g,TcpSwift,44.0,10000.0,0.009,3,49153/5000,6561.77,0.6562,0.0501,0.0002,0.0299,0.9997,comparison-udp/oversub_4to1_40g_TcpSwift_s44.flowmonitor
udp_burst,rdma_like_25g,TcpBbr,42.0,25000.0,0.002,3,49153/5000,14095.18,0.5638,0.0166,0.0001,0.0284,0.9983,comparison-udp/rdma_like_25g_TcpBbr_s42.flowmonitor
udp_burst,rdma_like_25g,TcpBbr,43.0,25000.0,0.002,3,49153/5000,14674.18,0.587,0.0184,0.0002,0.0294,0.9997,comparison-udp/rdma_like_25g_TcpBbr_s43.flowmonitor
udp_burst,rdma_like_25g,TcpBbr,44.0,25000.0,0.002,3,49153/5000,15092.77,0.6037,0.0208,0.0002,0.0258,0.9997,comparison-udp/rdma_like_25g_TcpBbr_s44.flowmonitor
udp_burst,rdma_like_25g,TcpCubic,42.0,25000.0,0.002,3,49153/5000,14296.23,0.5718,0.0173,0.0002,0.0245,1.0,comparison-udp/rdma_like_25g_TcpCubic_s42.flowmonitor
udp_burst,rdma_like_25g,TcpCubic,43.0,25000.0,0.002,3,49153/5000,14913.87,0.5966,0.0207,0.0,0.0314,0.9997,comparison-udp/rdma_like_25g_TcpCubic_s43.flowmonitor
udp_burst,rdma_like_25g,TcpCubic,44.0,25000.0,0.002,3,49153/5000,14981.99,0.5993,0.0204,0.0002,0.0261,1.0,comparison-udp/rdma_like_25g_TcpCubic_s44.flowmonitor
udp_burst,rdma_like_25g,TcpNewReno,42.0,25000.0,0.002,3,49153/5000,13830.56,0.5532,0.0162,0.0001,0.026,0.9997,comparison-udp/rdma_like_25g_TcpNewReno_s42.flowmonitor
udp_burst,rdma_like_25g,TcpNewReno,43.0,25000.0,0.002,3,49153/5000,14669.66,0.5868,0.0201,0.0002,0.026,0.9974,comparison-udp/rdma_like_25g_TcpNewReno_s43.flowmonitor
udp_burst,rdma_like_25g,TcpNewReno,44.0,25000.0,0.002,3,49153/5000,14396.85,0.5759,0.0189,0.0001,0.0213,0.9999,comparison-udp/rdma_like_25g_TcpNewReno_s44.flowmonitor
udp_burst,rdma_like_25g,TcpSwift,42.0,25000.0,0.002,3,49153/5000,14688.01,0.5875,0.0163,0.0001,0.0272,0.9998,comparison-udp/rdma_like_25g_TcpSwift_s42.flowmonitor
udp_burst,rdma_like_25g,TcpSwift,43.0,25000.0,0.002,3,49153/5000,15750.91,0.63,0.0201,0.0002,0.0302,0.9982,comparison-udp/rdma_like_25g_TcpSwift_s43.flowmonitor
udp_burst,rdma_like_25g,TcpSwift,44.0,25000.0,0.002,3,49153/5000,16264.48,0.6506,0.0208,0.0002,0.0271,0.9998,comparison-udp/rdma_like_25g_TcpSwift_s44.flowmonitor
udp_burst,rdma_like_50g,TcpBbr,42.0,50000.0,0.002,3,49153/5000,30057.66,0.6012,0.0111,0.0001,0.032,0.9978,comparison-udp/rdma_like_50g_TcpBbr_s42.flowmonitor
udp_burst,rdma_like_50g,TcpBbr,43.0,50000.0,0.002,3,49153/5000,29621.87,0.5924,0.0108,0.0001,0.0292,0.999,comparison-udp/rdma_like_50g_TcpBbr_s43.flowmonitor
udp_burst,rdma_like_50g,TcpBbr,44.0,50000.0,0.002,3,49153/5000,28443.24,0.5689,0.0098,0.0001,0.0261,0.9998,comparison-udp/rdma_like_50g_TcpBbr_s44.flowmonitor
udp_burst,rdma_like_50g,TcpCubic,42.0,50000.0,0.002,3,49153/5000,29952.03,0.599,0.0112,0.0,0.027,0.9996,comparison-udp/rdma_like_50g_TcpCubic_s42.flowmonitor
udp_burst,rdma_like_50g,TcpCubic,43.0,50000.0,0.002,3,49153/5000,29964.14,0.5993,0.0118,0.0001,0.0278,1.0,comparison-udp/rdma_like_50g_TcpCubic_s43.flowmonitor
udp_burst,rdma_like_50g,TcpCubic,44.0,50000.0,0.002,3,49153/5000,29585.55,0.5917,0.0108,0.0001,0.0318,1.0,comparison-udp/rdma_like_50g_TcpCubic_s44.flowmonitor
udp_burst,rdma_like_50g,TcpNewReno,42.0,50000.0,0.002,3,49153/5000,29245.02,0.5849,0.0113,0.0001,0.0249,0.9988,comparison-udp/rdma_like_50g_TcpNewReno_s42.flowmonitor
udp_burst,rdma_like_50g,TcpNewReno,43.0,50000.0,0.002,3,49153/5000,29390.59,0.5878,0.0113,0.0001,0.0306,0.9989,comparison-udp/rdma_like_50g_TcpNewReno_s43.flowmonitor
udp_burst,rdma_like_50g,TcpNewReno,44.0,50000.0,0.002,3,49153/5000,28169.37,0.5634,0.0097,0.0001,0.0247,0.9991,comparison-udp/rdma_like_50g_TcpNewReno_s44.flowmonitor
udp_burst,rdma_like_50g,TcpSwift,42.0,50000.0,0.002,3,49153/5000,31465.72,0.6293,0.0112,0.0001,0.0246,0.9995,comparison-udp/rdma_like_50g_TcpSwift_s42.flowmonitor
udp_burst,rdma_like_50g,TcpSwift,43.0,50000.0,0.002,3,49153/5000,32292.76,0.6459,0.011,0.0001,0.028,0.9995,comparison-udp/rdma_like_50g_TcpSwift_s43.flowmonitor
udp_burst,rdma_like_50g,TcpSwift,44.0,50000.0,0.002,3,49153/5000,30468.15,0.6094,0.0098,0.0001,0.0258,0.9996,comparison-udp/rdma_like_50g_TcpSwift_s44.flowmonitor
udp_burst,satellite_geo,TcpBbr,42.0,10.0,320.0,3,49153/5000,5.27,0.5269,358.9497,4.9564,0.0337,0.9989,comparison-udp/satellite_geo_TcpBbr_s42.flowmonitor
udp_burst,satellite_geo,TcpBbr,43.0,10.0,320.0,3,49153/5000,5.28,0.5281,349.712,1.1938,0.0224,0.9729,comparison-udp/satellite_geo_TcpBbr_s43.flowmonitor
udp_burst,satellite_geo,TcpBbr,44.0,10.0,320.0,3,49153/5000,5.36,0.5355,369.1694,2.7479,0.0332,0.999,comparison-udp/satellite_geo_TcpBbr_s44.flowmonitor
udp_burst,satellite_geo,TcpCubic,42.0,10.0,320.0,3,49153/5000,5.58,0.5577,366.6501,5.1621,0.0318,0.9918,comparison-udp/satellite_geo_TcpCubic_s42.flowmonitor
udp_burst,satellite_geo,TcpCubic,43.0,10.0,320.0,3,49153/5000,5.42,0.5418,372.8107,3.8128,0.0328,0.9996,comparison-udp/satellite_geo_TcpCubic_s43.flowmonitor
udp_burst,satellite_geo,TcpCubic,44.0,10.0,320.0,3,49153/5000,5.4,0.54,365.4056,2.713,0.0329,0.9998,comparison-udp/satellite_geo_TcpCubic_s44.flowmonitor
udp_burst,satellite_geo,TcpNewReno,42.0,10.0,320.0,3,49153/5000,5.31,0.5309,379.8808,2.7581,0.0334,0.9992,comparison-udp/satellite_geo_TcpNewReno_s42.flowmonitor
udp_burst,satellite_geo,TcpNewReno,43.0,10.0,320.0,3,49153/5000,5.1,0.5098,372.3427,2.9992,0.0348,0.9935,comparison-udp/satellite_geo_TcpNewReno_s43.flowmonitor
udp_burst,satellite_geo,TcpNewReno,44.0,10.0,320.0,3,49153/5000,5.09,0.5095,368.98,2.2162,0.0348,0.9986,comparison-udp/satellite_geo_TcpNewReno_s44.flowmonitor
udp_burst,satellite_geo,TcpSwift,42.0,10.0,320.0,3,49153/5000,6.04,0.6036,355.3004,4.9993,0.0294,0.9978,comparison-udp/satellite_geo_TcpSwift_s42.flowmonitor
udp_burst,satellite_geo,TcpSwift,43.0,10.0,320.0,3,49153/5000,5.97,0.5966,369.2682,2.8931,0.0298,0.9968,comparison-udp/satellite_geo_TcpSwift_s43.flowmonitor
udp_burst,satellite_geo,TcpSwift,44.0,10.0,320.0,3,49153/5000,5.72,0.5716,357.5865,2.5823,0.0311,0.9989,comparison-udp/satellite_geo_TcpSwift_s44.flowmonitor
udp_burst,satellite_leo,TcpBbr,42.0,150.0,29.0,3,49153/5000,86.2,0.5747,32.5635,0.1894,0.035,0.9994,comparison-udp/satellite_leo_TcpBbr_s42.flowmonitor
udp_burst,satellite_leo,TcpBbr,43.0,150.0,29.0,3,49153/5000,81.23,0.5415,31.6205,0.4565,0.024,0.998,comparison-udp/satellite_leo_TcpBbr_s43.flowmonitor
udp_burst,satellite_leo,TcpBbr,44.0,150.0,29.0,3,49153/5000,79.32,0.5288,30.33,0.4081,0.0313,0.9965,comparison-udp/satellite_leo_TcpBbr_s44.flowmonitor
udp_burst,satellite_leo,TcpCubic,42.0,150.0,29.0,3,49153/5000,86.55,0.577,32.8248,0.4474,0.0287,0.9927,comparison-udp/satellite_leo_TcpCubic_s42.flowmonitor
udp_burst,satellite_leo,TcpCubic,43.0,150.0,29.0,3,49153/5000,81.91,0.5461,32.3198,0.4135,0.0231,0.9941,comparison-udp/satellite_leo_TcpCubic_s43.flowmonitor
udp_burst,satellite_leo,TcpCubic,44.0,150.0,29.0,3,49153/5000,81.19,0.5413,31.9743,0.2009,0.0262,0.9992,comparison-udp/satellite_leo_TcpCubic_s44.flowmonitor
udp_burst,satellite_leo,TcpNewReno,42.0,150.0,29.0,3,49153/5000,84.62,0.5641,33.9587,0.3143,0.0343,0.9971,comparison-udp/satellite_leo_TcpNewReno_s42.flowmonitor
udp_burst,satellite_leo,TcpNewReno,43.0,150.0,29.0,3,49153/5000,78.7,0.5246,33.5492,0.2905,0.0271,0.9933,comparison-udp/satellite_leo_TcpNewReno_s43.flowmonitor
udp_burst,satellite_leo,TcpNewReno,44.0,150.0,29.0,3,49153/5000,81.16,0.5411,33.3271,0.4942,0.027,0.9978,comparison-udp/satellite_leo_TcpNewReno_s44.flowmonitor
udp_burst,satellite_leo,TcpSwift,42.0,150.0,29.0,3,49153/5000,93.78,0.6252,32.1257,0.3256,0.0341,0.9997,comparison-udp/satellite_leo_TcpSwift_s42.flowmonitor
udp_burst,satellite_leo,TcpSwift,43.0,150.0,29.0,3,49153/5000,90.47,0.6032,32.0228,0.3917,0.0229,0.9975,comparison-udp/satellite_leo_TcpSwift_s43.flowmonitor
udp_burst,satellite_leo,TcpSwift,44.0,150.0,29.0,3,49153/5000,84.41,0.5627,30.964,0.3742,0.0252,0.9988,comparison-udp/satellite_leo_TcpSwift_s44.flowmonitor
udp_burst,symmetric_low,TcpBbr,42.0,1000.0,0.03,3,49153/5000,575.52,0.5755,0.4549,0.0012,0.0279,0.9996,comparison-udp/symmetric_low_TcpBbr_s42.flowmonitor
udp_burst,symmetric_low,TcpBbr,43.0,1000.0,0.03,3,49153/5000,582.24,0.5822,0.4656,0.0037,0.0308,0.9986,comparison-udp/symmetric_low_TcpBbr_s43.flowmonitor
udp_burst,symmetric_low,TcpBbr,44.0,1000.0,0.03,3,49153/5000,555.08,0.5551,0.3969,0.003,0.0163,0.9995,comparison-udp/symmetric_low_TcpBbr_s44.flowmonitor
udp_burst,symmetric_low,TcpCubic,42.0,1000.0,0.03,3,49153/5000,570.78,0.5708,0.4483,0.0013,0.0196,0.9999,comparison-udp/symmetric_low_TcpCubic_s42.flowmonitor
udp_burst,symmetric_low,TcpCubic,43.0,1000.0,0.03,3,49153/5000,575.51,0.5755,0.4568,0.0021,0.0271,0.9974,comparison-udp/symmetric_low_TcpCubic_s43.flowmonitor
udp_burst,symmetric_low,TcpCubic,44.0,1000.0,0.03,3,49153/5000,556.89,0.5569,0.4074,0.0036,0.0191,0.9995,comparison-udp/symmetric_low_TcpCubic_s44.flowmonitor
udp_burst,symmetric_low,TcpNewReno,42.0,1000.0,0.03,3,49153/5000,564.15,0.5641,0.4516,0.0013,0.0175,0.9992,comparison-udp/symmetric_low_TcpNewReno_s42.flowmonitor
udp_burst,symmetric_low,TcpNewReno,43.0,1000.0,0.03,3,49153/5000,571.51,0.5715,0.4513,0.0029,0.0257,0.9992,comparison-udp/symmetric_low_TcpNewReno_s43.flowmonitor
udp_burst,symmetric_low,TcpNewReno,44.0,1000.0,0.03,3,49153/5000,554.85,0.5548,0.4237,0.002,0.0236,0.9995,comparison-udp/symmetric_low_TcpNewReno_s44.flowmonitor
udp_burst,symmetric_low,TcpSwift,42.0,1000.0,0.03,3,49153/5000,622.06,0.6221,0.4497,0.0013,0.0195,0.9996,comparison-udp/symmetric_low_TcpSwift_s42.flowmonitor
udp_burst,symmetric_low,TcpSwift,43.0,1000.0,0.03,3,49153/5000,640.31,0.6403,0.4523,0.003,0.0279,0.9997,comparison-udp/symmetric_low_TcpSwift_s43.flowmonitor
udp_burst,symmetric_low,TcpSwift,44.0,1000.0,0.03,3,49153/5000,602.38,0.6024,0.3933,0.003,0.0174,0.9995,comparison-udp/symmetric_low_TcpSwift_s44.flowmonitor
udp_burst,wan_longhaul,TcpBbr,42.0,1000.0,26.0,3,49153/5000,559.45,0.5594,26.501,0.3723,0.0245,0.9994,comparison-udp/wan_longhaul_TcpBbr_s42.flowmonitor
udp_burst,wan_longhaul,TcpBbr,43.0,1000.0,26.0,3,49153/5000,587.22,0.5872,26.2994,0.1057,0.0379,0.9977,comparison-udp/wan_longhaul_TcpBbr_s43.flowmonitor
udp_burst,wan_longhaul,TcpBbr,44.0,1000.0,26.0,3,49153/5000,570.34,0.5703,26.4671,0.2836,0.0236,0.9883,comparison-udp/wan_longhaul_TcpBbr_s44.flowmonitor
udp_burst,wan_longhaul,TcpCubic,42.0,1000.0,26.0,3,49153/5000,551.37,0.5514,26.2508,0.3756,0.0275,0.9973,comparison-udp/wan_longhaul_TcpCubic_s42.flowmonitor
udp_burst,wan_longhaul,TcpCubic,43.0,1000.0,26.0,3,49153/5000,585.11,0.5851,26.2893,0.3244,0.0349,0.9943,comparison-udp/wan_longhaul_TcpCubic_s43.flowmonitor
udp_burst,wan_longhaul,TcpCubic,44.0,1000.0,26.0,3,49153/5000,562.36,0.5624,26.5167,0.1898,0.0226,0.9962,comparison-udp/wan_longhaul_TcpCubic_s44.flowmonitor
udp_burst,wan_longhaul,TcpNewReno,42.0,1000.0,26.0,3,49153/5000,529.16,0.5292,26.9454,0.1951,0.0286,0.9993,comparison-udp/wan_longhaul_TcpNewReno_s42.flowmonitor
udp_burst,wan_longhaul,TcpNewReno,43.0,1000.0,26.0,3,49153/5000,563.78,0.5638,27.2412,0.0818,0.0273,0.9987,comparison-udp/wan_longhaul_TcpNewReno_s43.flowmonitor
udp_burst,wan_longhaul,TcpNewReno,44.0,1000.0,26.0,3,49153/5000,549.29,0.5493,27.6013,0.121,0.0197,0.9972,comparison-udp/wan_longhaul_TcpNewReno_s44.flowmonitor
udp_burst,wan_longhaul,TcpSwift,42.0,1000.0,26.0,3,49153/5000,608.95,0.609,26.397,0.3638,0.0243,0.999,comparison-udp/wan_longhaul_TcpSwift_s42.flowmonitor
udp_burst,wan_longhaul,TcpSwift,43.0,1000.0,26.0,3,49153/5000,604.51,0.6045,26.3444,0.1009,0.0369,0.9964,comparison-udp/wan_longhaul_TcpSwift_s43.flowmonitor
udp_burst,wan_longhaul,TcpSwift,44.0,1000.0,26.0,3,49153/5000,601.3,0.6013,26.739,0.1787,0.0221,0.9996,comparison-udp/wan_longhaul_TcpSwift_s44.flowmonitor
udp_burst,wan_metro,TcpBbr,42.0,1000.0,2.2,3,49153/5000,569.11,0.5691,2.6412,0.0342,0.0294,0.9984,comparison-udp/wan_metro_TcpBbr_s42.flowmonitor
udp_burst,wan_metro,TcpBbr,43.0,1000.0,2.2,3,49153/5000,574.22,0.5742,2.5594,0.0133,0.0255,0.9998,comparison-udp/wan_metro_TcpBbr_s43.flowmonitor
udp_burst,wan_metro,TcpBbr,44.0,1000.0,2.2,3,49153/5000,548.71,0.5487,2.5018,0.0317,0.0222,0.9948,comparison-udp/wan_metro_TcpBbr_s44.flowmonitor
udp_burst,wan_metro,TcpCubic,42.0,1000.0,2.2,3,49153/5000,564.44,0.5644,2.5775,0.0087,0.029,0.9981,comparison-udp/wan_metro_TcpCubic_s42.flowmonitor
udp_burst,wan_metro,TcpCubic,43.0,1000.0,2.2,3,49153/5000,588.81,0.5888,2.6208,0.0231,0.0232,0.9956,comparison-udp/wan_metro_TcpCubic_s43.flowmonitor
udp_burst,wan_metro,TcpCubic,44.0,1000.0,2.2,3,49153/5000,554.33,0.5543,2.6085,0.0067,0.024,0.9992,comparison-udp/wan_metro_TcpCubic_s44.flowmonitor
udp_burst,wan_metro,TcpNewReno,42.0,1000.0,2.2,3,49153/5000,558.08,0.5581,2.6684,0.0143,0.0282,0.9985,comparison-udp/wan_metro_TcpNewReno_s42.flowmonitor
udp_burst,wan_metro,TcpNewReno,43.0,1000.0,2.2,3,49153/5000,557.45,0.5575,2.6242,0.0174,0.021,0.9958,comparison-udp/wan_metro_TcpNewReno_s43.flowmonitor
udp_burst,wan_metro,TcpNewReno,44.0,1000.0,2.2,3,49153/5000,546.38,0.5464,2.7563,0.028,0.0244,0.9945,comparison-udp/wan_metro_TcpNewReno_s44.flowmonitor
udp_burst,wan_metro,TcpSwift,42.0,1000.0,2.2,3,49153/5000,592.85,0.5928,2.606,0.0146,0.0272,0.999,comparison-udp/wan_metro_TcpSwift_s42.flowmonitor
udp_burst,wan_metro,TcpSwift,43.0,1000.0,2.2,3,49153/5000,603.92,0.6039,2.5637,0.0165,0.0209,0.9996,comparison-udp/wan_metro_TcpSwift_s43.flowmonitor
udp_burst,wan_metro,TcpSwift,44.0,1000.0,2.2,3,49153/5000,606.46,0.6065,2.6183,0.0289,0.0243,0.9963,comparison-udp/wan_metro_TcpSwift_s44.flowmonitor
udp_burst,wifi_ac,TcpBbr,42.0,400.0,7.0,3,49153/5000,222.84,0.5571,8.1808,0.0241,0.0284,0.998,comparison-udp/wifi_ac_TcpBbr_s42.flowmonitor
udp_burst,wifi_ac,TcpBbr,43.0,400.0,7.0,3,49153/5000,213.88,0.5347,7.6024,0.1009,0.0232,0.9954,comparison-udp/wifi_ac_TcpBbr_s43.flowmonitor
udp_burst,wifi_ac,TcpBbr,44.0,400.0,7.0,3,49153/5000,225.43,0.5636,7.9572,0.08,0.0257,0.9987,comparison-udp/wifi_ac_TcpBbr_s44.flowmonitor
udp_burst,wifi_ac,TcpCubic,42.0,400.0,7.0,3,49153/5000,225.28,0.5632,8.0482,0.0851,0.032,0.9983,comparison-udp/wifi_ac_TcpCubic_s42.flowmonitor
udp_burst,wifi_ac,TcpCubic,43.0,400.0,7.0,3,49153/5000,221.0,0.5525,8.1164,0.0404,0.0252,0.9992,comparison-udp/wifi_ac_TcpCubic_s43.flowmonitor
udp_burst,wifi_ac,TcpCubic,44.0,400.0,7.0,3,49153/5000,232.51,0.5813,8.2781,0.0222,0.0346,0.9999,comparison-udp/wifi_ac_TcpCubic_s44.flowmonitor
udp_burst,wifi_ac,TcpNewReno,42.0,400.0,7.0,3,49153/5000,219.27,0.5482,8.2619,0.057,0.0281,0.9979,comparison-udp/wifi_ac_TcpNewReno_s42.flowmonitor
udp_burst,wifi_ac,TcpNewReno,43.0,400.0,7.0,3,49153/5000,210.76,0.5269,8.0254,0.0895,0.0244,0.9962,comparison-udp/wifi_ac_TcpNewReno_s43.flowmonitor
udp_burst,wifi_ac,TcpNewReno,44.0,400.0,7.0,3,49153/5000,222.78,0.5569,8.3098,0.1105,0.0332,0.9992,comparison-udp/wifi_ac_TcpNewReno_s44.flowmonitor
udp_burst,wifi_ac,TcpSwift,42.0,400.0,7.0,3,49153/5000,249.37,0.6234,8.2904,0.0538,0.0252,0.9996,comparison-udp/wifi_ac_TcpSwift_s42.flowmonitor
udp_burst,wifi_ac,TcpSwift,43.0,400.0,7.0,3,49153/5000,233.9,0.5848,7.7726,0.0935,0.024,1.0,comparison-udp/wifi_ac_TcpSwift_s43.flowmonitor
udp_burst,wifi_ac,TcpSwift,44.0,400.0,7.0,3,49153/5000,249.91,0.6248,7.972,0.0793,0.0296,0.9998,comparison-udp/wifi_ac_TcpSwift_s44.flowmonitor
udp_burst,wifi_ax,TcpBbr,42.0,600.0,5.0,3,49153/5000,341.7,0.5695,5.8275,0.0768,0.0203,0.998,comparison-udp/wifi_ax_TcpBbr_s42.flowmonitor
udp_burst,wifi_ax,TcpBbr,43.0,600.0,5.0,3,49153/5000,352.06,0.5868,5.5969,0.0138,0.0237,0.9836,comparison-udp/wifi_ax_TcpBbr_s43.flowmonitor
udp_burst,wifi_ax,TcpBbr,44.0,600.0,5.0,3,49153/5000,338.83,0.5647,5.697,0.0671,0.0288,0.9927,comparison-udp/wifi_ax_TcpBbr_s44.flowmonitor
udp_burst,wifi_ax,TcpCubic,42.0,600.0,5.0,3,49153/5000,341.93,0.5699,5.867,0.0743,0.0299,0.9946,comparison-udp/wifi_ax_TcpCubic_s42.flowmonitor
udp_burst,wifi_ax,TcpCubic,43.0,600.0,5.0,3,49153/5000,352.43,0.5874,5.6413,0.0232,0.0287,0.9974,comparison-udp/wifi_ax_TcpCubic_s43.flowmonitor
udp_burst,wifi_ax,TcpCubic,44.0,600.0,5.0,3,49153/5000,345.72,0.5762,5.8233,0.0618,0.0221,0.9992,comparison-udp/wifi_ax_TcpCubic_s44.flowmonitor
udp_burst,wifi_ax,TcpNewReno,42.0,600.0,5.0,3,49153/5000,330.65,0.5511,5.8517,0.0468,0.0265,0.9969,comparison-udp/wifi_ax_TcpNewReno_s42.flowmonitor
udp_burst,wifi_ax,TcpNewReno,43.0,600.0,5.0,3,49153/5000,340.36,0.5673,6.0786,0.059,0.0223,0.9986,comparison-udp/wifi_ax_TcpNewReno_s43.flowmonitor
udp_burst,wifi_ax,TcpNewReno,44.0,600.0,5.0,3,49153/5000,332.14,0.5536,5.7482,0.0274,0.0189,0.998,comparison-udp/wifi_ax_TcpNewReno_s44.flowmonitor
udp_burst,wifi_ax,TcpSwift,42.0,600.0,5.0,3,49153/5000,356.25,0.5937,5.7253,0.077,0.0253,0.9991,comparison-udp/wifi_ax_TcpSwift_s42.flowmonitor
udp_burst,wifi_ax,TcpSwift,43.0,600.0,5.0,3,49153/5000,383.8,0.6397,5.7472,0.0211,0.0241,0.9997,comparison-udp/wifi_ax_TcpSwift_s43.flowmonitor
udp_burst,wifi_ax,TcpSwift,44.0,600.0,5.0,3,49153/5000,378.51,0.6308,5.6451,0.0625,0.0199,0.9998,comparison-udp/wifi_ax_TcpSwift_s44.flowmonitor
udp_burst,wifi_legacy,TcpBbr,42.0,10.0,30.0,3,49153/5000,5.55,0.5553,78.4767,0.9109,0.032,0.9988,comparison-udp/wifi_legacy_TcpBbr_s42.flowmonitor
udp_burst,wifi_legacy,TcpBbr,43.0,10.0,30.0,3,49153/5000,5.71,0.5707,78.7301,1.1296,0.0311,0.9965,comparison-udp/wifi_legacy_TcpBbr_s43.flowmonitor
udp_burst,wifi_legacy,TcpBbr,44.0,10.0,30.0,3,49153/5000,5.24,0.5239,71.9754,0.9622,0.0339,0.9975,comparison-udp/wifi_legacy_TcpBbr_s44.flowmonitor
udp_burst,wifi_legacy,TcpCubic,42.0,10.0,30.0,3,49153/5000,5.61,0.5613,80.3278,0.4127,0.0316,0.9959,comparison-udp/wifi_legacy_TcpCubic_s42.flowmonitor
udp_burst,wifi_legacy,TcpCubic,43.0,10.0,30.0,3,49153/5000,5.75,0.5754,80.5783,0.9077,0.0309,0.9961,comparison-udp/wifi_legacy_TcpCubic_s43.flowmonitor
udp_burst,wifi_legacy,TcpCubic,44.0,10.0,30.0,3,49153/5000,5.52,0.5522,81.189,1.0569,0.0322,0.9985,comparison-udp/wifi_legacy_TcpCubic_s44.flowmonitor
udp_burst,wifi_legacy,TcpNewReno,42.0,10.0,30.0,3,49153/5000,5.41,0.5409,75.6941,0.9762,0.0328,0.9973,comparison-udp/wifi_legacy_TcpNewReno_s42.flowmonitor
udp_burst,wifi_legacy,TcpNewReno,43.0,10.0,30.0,3,49153/5000,5.55,0.5555,76.8481,1.0051,0.032,0.997,comparison-udp/wifi_legacy_TcpNewReno_s43.flowmonitor
udp_burst,wifi_legacy,TcpNewReno,44.0,10.0,30.0,3,49153/5000,5.48,0.5475,81.976,1.119,0.0324,0.9897,comparison-udp/wifi_legacy_TcpNewReno_s44.flowmonitor
udp_burst,wifi_legacy,TcpSwift,42.0,10.0,30.0,3,49153/5000,6.17,0.6165,79.8369,0.9123,0.0288,0.9986,comparison-udp/wifi_legacy_TcpSwift_s42.flowmonitor
udp_burst,wifi_legacy,TcpSwift,43.0,10.0,30.0,3,49153/5000,6.13,0.6128,80.2453,0.9487,0.029,0.9961,comparison-udp/wifi_legacy_TcpSwift_s43.flowmonitor
udp_burst,wifi_legacy,TcpSwift,44.0,10.0,30.0,3,49153/5000,5.81,0.5813,77.9852,1.0171,0.0305,0.9972,comparison-udp/wifi_legacy_TcpSwift_s44.flowmonitor
udp_burst,wifi_n,TcpBbr,42.0,50.0,14.0,3,49153/5000,27.56,0.5512,22.5039,0.304,0.0258,0.9971,comparison-udp/wifi_n_TcpBbr_s42.flowmonitor
udp_burst,wifi_n,TcpBbr,43.0,50.0,14.0,3,49153/5000,27.61,0.5522,21.8198,0.0772,0.0322,0.9997,comparison-udp/wifi_n_TcpBbr_s43.flowmonitor
udp_burst,wifi_n,TcpBbr,44.0,50.0,14.0,3,49153/5000,28.14,0.5629,22.996,0.2287,0.0294,0.9969,comparison-udp/wifi_n_TcpBbr_s44.flowmonitor
udp_burst,wifi_n,TcpCubic,42.0,50.0,14.0,3,49153/5000,28.32,0.5664,22.8029,0.3079,0.0334,0.9959,comparison-udp/wifi_n_TcpCubic_s42.flowmonitor
udp_burst,wifi_n,TcpCubic,43.0,50.0,14.0,3,49153/5000,28.2,0.564,22.803,0.2614,0.0189,0.9991,comparison-udp/wifi_n_TcpCubic_s43.flowmonitor
udp_burst,wifi_n,TcpCubic,44.0,50.0,14.0,3,49153/5000,28.18,0.5637,22.9165,0.2965,0.0189,0.9955,comparison-udp/wifi_n_TcpCubic_s44.flowmonitor
udp_burst,wifi_n,TcpNewReno,42.0,50.0,14.0,3,49153/5000,27.12,0.5424,22.6094,0.1021,0.0262,0.9982,comparison-udp/wifi_n_TcpNewReno_s42.flowmonitor
udp_burst,wifi_n,TcpNewReno,43.0,50.0,14.0,3,49153/5000,26.84,0.5368,21.9785,0.1296,0.0176,0.9906,comparison-udp/wifi_n_TcpNewReno_s43.flowmonitor
udp_burst,wifi_n,TcpNewReno,44.0,50.0,14.0,3,49153/5000,26.99,0.5399,22.534,0.1808,0.0241,0.9953,comparison-udp/wifi_n_TcpNewReno_s44.flowmonitor
udp_burst,wifi_n,TcpSwift,42.0,50.0,14.0,3,49153/5000,30.3,0.6059,22.0399,0.3142,0.0234,0.9999,comparison-udp/wifi_n_TcpSwift_s42.flowmonitor
udp_burst,wifi_n,TcpSwift,43.0,50.0,14.0,3,49153/5000,30.95,0.619,22.2826,0.1338,0.0191,0.9999,comparison-udp/wifi_n_TcpSwift_s43.flowmonitor
udp_burst,wifi_n,TcpSwift,44.0,50.0,14.0,3,49153/5000,30.55,0.611,22.864,0.2231,0.0232,0.9979,comparison-udp/wifi_n_TcpSwift_s44.flowmonitor
